"filename", "language", "CSS", "PHP", "Markdown", "JavaScript", "XML", "HTML", "JSON", "YAML", "SQL", "comment", "blank", "total"
"c:\xampp\htdocs\shopbanhanglaravel\.styleci.yml", "YAML", 0, 0, 0, 0, 0, 0, 0, 12, 0, 0, 1, 13
"c:\xampp\htdocs\shopbanhanglaravel\README.md", "Markdown", 0, 0, 47, 0, 0, 0, 0, 0, 0, 0, 20, 67
"c:\xampp\htdocs\shopbanhanglaravel\app\Console\Kernel.php", "PHP", 0, 15, 0, 0, 0, 0, 0, 0, 0, 12, 6, 33
"c:\xampp\htdocs\shopbanhanglaravel\app\Exceptions\Handler.php", "PHP", 0, 21, 0, 0, 0, 0, 0, 0, 0, 23, 7, 51
"c:\xampp\htdocs\shopbanhanglaravel\app\Exports\ExcelExports.php", "PHP", 0, 11, 0, 0, 0, 0, 0, 0, 0, 3, 4, 18
"c:\xampp\htdocs\shopbanhanglaravel\app\Exports\ExportProduct.php", "PHP", 0, 11, 0, 0, 0, 0, 0, 0, 0, 3, 4, 18
"c:\xampp\htdocs\shopbanhanglaravel\app\Http\Controllers\AdminController.php", "PHP", 0, 128, 0, 0, 0, 0, 0, 0, 0, 15, 30, 173
"c:\xampp\htdocs\shopbanhanglaravel\app\Http\Controllers\AuthController.php", "PHP", 0, 50, 0, 0, 0, 0, 0, 0, 0, 1, 11, 62
"c:\xampp\htdocs\shopbanhanglaravel\app\Http\Controllers\BrandProduct.php", "PHP", 0, 95, 0, 0, 0, 0, 0, 0, 0, 7, 23, 125
"c:\xampp\htdocs\shopbanhanglaravel\app\Http\Controllers\CartController.php", "PHP", 0, 173, 0, 0, 0, 0, 0, 0, 0, 7, 27, 207
"c:\xampp\htdocs\shopbanhanglaravel\app\Http\Controllers\CategoryPostController.php", "PHP", 0, 69, 0, 0, 0, 0, 0, 0, 0, 0, 20, 89
"c:\xampp\htdocs\shopbanhanglaravel\app\Http\Controllers\CategoryProduct.php", "PHP", 0, 183, 0, 0, 0, 0, 0, 0, 0, 5, 41, 229
"c:\xampp\htdocs\shopbanhanglaravel\app\Http\Controllers\CheckoutController.php", "PHP", 0, 280, 0, 0, 0, 0, 0, 0, 0, 10, 68, 358
"c:\xampp\htdocs\shopbanhanglaravel\app\Http\Controllers\ContactController.php", "PHP", 0, 23, 0, 0, 0, 0, 0, 0, 0, 4, 9, 36
"c:\xampp\htdocs\shopbanhanglaravel\app\Http\Controllers\Controller.php", "PHP", 0, 10, 0, 0, 0, 0, 0, 0, 0, 0, 4, 14
"c:\xampp\htdocs\shopbanhanglaravel\app\Http\Controllers\CouponController.php", "PHP", 0, 42, 0, 0, 0, 0, 0, 0, 0, 0, 12, 54
"c:\xampp\htdocs\shopbanhanglaravel\app\Http\Controllers\DeliveryController.php", "PHP", 0, 86, 0, 0, 0, 0, 0, 0, 0, 0, 11, 97
"c:\xampp\htdocs\shopbanhanglaravel\app\Http\Controllers\GalleryController.php", "PHP", 0, 98, 0, 0, 0, 0, 0, 0, 0, 25, 14, 137
"c:\xampp\htdocs\shopbanhanglaravel\app\Http\Controllers\HomeController.php", "PHP", 0, 56, 0, 0, 0, 0, 0, 0, 0, 7, 23, 86
"c:\xampp\htdocs\shopbanhanglaravel\app\Http\Controllers\MailController.php", "PHP", 0, 60, 0, 0, 0, 0, 0, 0, 0, 5, 22, 87
"c:\xampp\htdocs\shopbanhanglaravel\app\Http\Controllers\OrderController.php", "PHP", 0, 237, 0, 0, 0, 0, 0, 0, 0, 1, 54, 292
"c:\xampp\htdocs\shopbanhanglaravel\app\Http\Controllers\PaypalController.php", "PHP", 0, 7, 0, 0, 0, 0, 0, 0, 0, 1, 4, 12
"c:\xampp\htdocs\shopbanhanglaravel\app\Http\Controllers\PostController.php", "PHP", 0, 138, 0, 0, 0, 0, 0, 0, 0, 5, 49, 192
"c:\xampp\htdocs\shopbanhanglaravel\app\Http\Controllers\Product.php", "PHP", 0, 249, 0, 0, 0, 0, 0, 0, 0, 8, 48, 305
"c:\xampp\htdocs\shopbanhanglaravel\app\Http\Controllers\SliderController.php", "PHP", 0, 72, 0, 0, 0, 0, 0, 0, 0, 0, 18, 90
"c:\xampp\htdocs\shopbanhanglaravel\app\Http\Controllers\UserController.php", "PHP", 0, 71, 0, 0, 0, 0, 0, 0, 0, 0, 14, 85
"c:\xampp\htdocs\shopbanhanglaravel\app\Http\Kernel.php", "PHP", 0, 42, 0, 0, 0, 0, 0, 0, 0, 21, 8, 71
"c:\xampp\htdocs\shopbanhanglaravel\app\Http\Middleware\AccessPermission.php", "PHP", 0, 16, 0, 0, 0, 0, 0, 0, 0, 7, 5, 28
"c:\xampp\htdocs\shopbanhanglaravel\app\Http\Middleware\Authenticate.php", "PHP", 0, 12, 0, 0, 0, 0, 0, 0, 0, 6, 4, 22
"c:\xampp\htdocs\shopbanhanglaravel\app\Http\Middleware\EncryptCookies.php", "PHP", 0, 8, 0, 0, 0, 0, 0, 0, 0, 6, 4, 18
"c:\xampp\htdocs\shopbanhanglaravel\app\Http\Middleware\Impersonate.php", "PHP", 0, 15, 0, 0, 0, 0, 0, 0, 0, 7, 4, 26
"c:\xampp\htdocs\shopbanhanglaravel\app\Http\Middleware\PreventRequestsDuringMaintenance.php", "PHP", 0, 8, 0, 0, 0, 0, 0, 0, 0, 6, 4, 18
"c:\xampp\htdocs\shopbanhanglaravel\app\Http\Middleware\RedirectIfAuthenticated.php", "PHP", 0, 19, 0, 0, 0, 0, 0, 0, 0, 8, 6, 33
"c:\xampp\htdocs\shopbanhanglaravel\app\Http\Middleware\TrimStrings.php", "PHP", 0, 11, 0, 0, 0, 0, 0, 0, 0, 5, 4, 20
"c:\xampp\htdocs\shopbanhanglaravel\app\Http\Middleware\TrustHosts.php", "PHP", 0, 12, 0, 0, 0, 0, 0, 0, 0, 5, 4, 21
"c:\xampp\htdocs\shopbanhanglaravel\app\Http\Middleware\TrustProxies.php", "PHP", 0, 14, 0, 0, 0, 0, 0, 0, 0, 10, 5, 29
"c:\xampp\htdocs\shopbanhanglaravel\app\Http\Middleware\VerifyCsrfToken.php", "PHP", 0, 8, 0, 0, 0, 0, 0, 0, 0, 6, 4, 18
"c:\xampp\htdocs\shopbanhanglaravel\app\Imports\ExcelImports.php", "PHP", 0, 16, 0, 0, 0, 0, 0, 0, 0, 5, 4, 25
"c:\xampp\htdocs\shopbanhanglaravel\app\Imports\ImportProduct.php", "PHP", 0, 21, 0, 0, 0, 0, 0, 0, 0, 5, 4, 30
"c:\xampp\htdocs\shopbanhanglaravel\app\Models\Admin.php", "PHP", 0, 27, 0, 0, 0, 0, 0, 0, 0, 0, 8, 35
"c:\xampp\htdocs\shopbanhanglaravel\app\Models\Brand.php", "PHP", 0, 11, 0, 0, 0, 0, 0, 0, 0, 0, 6, 17
"c:\xampp\htdocs\shopbanhanglaravel\app\Models\CategoryPost.php", "PHP", 0, 13, 0, 0, 0, 0, 0, 0, 0, 0, 4, 17
"c:\xampp\htdocs\shopbanhanglaravel\app\Models\CategoryProductModels.php", "PHP", 0, 19, 0, 0, 0, 0, 0, 0, 0, 0, 6, 25
"c:\xampp\htdocs\shopbanhanglaravel\app\Models\City.php", "PHP", 0, 11, 0, 0, 0, 0, 0, 0, 0, 0, 4, 15
"c:\xampp\htdocs\shopbanhanglaravel\app\Models\Comment.php", "PHP", 0, 14, 0, 0, 0, 0, 0, 0, 0, 0, 5, 19
"c:\xampp\htdocs\shopbanhanglaravel\app\Models\Contact.php", "PHP", 0, 11, 0, 0, 0, 0, 0, 0, 0, 0, 4, 15
"c:\xampp\htdocs\shopbanhanglaravel\app\Models\Coupon.php", "PHP", 0, 11, 0, 0, 0, 0, 0, 0, 0, 0, 4, 15
"c:\xampp\htdocs\shopbanhanglaravel\app\Models\Customer.php", "PHP", 0, 13, 0, 0, 0, 0, 0, 0, 0, 0, 4, 17
"c:\xampp\htdocs\shopbanhanglaravel\app\Models\FeeShip.php", "PHP", 0, 20, 0, 0, 0, 0, 0, 0, 0, 0, 5, 25
"c:\xampp\htdocs\shopbanhanglaravel\app\Models\Gallery.php", "PHP", 0, 11, 0, 0, 0, 0, 0, 0, 0, 0, 4, 15
"c:\xampp\htdocs\shopbanhanglaravel\app\Models\Login.php", "PHP", 0, 11, 0, 0, 0, 0, 0, 0, 0, 0, 5, 16
"c:\xampp\htdocs\shopbanhanglaravel\app\Models\Order.php", "PHP", 0, 13, 0, 0, 0, 0, 0, 0, 0, 0, 4, 17
"c:\xampp\htdocs\shopbanhanglaravel\app\Models\OrderDetails.php", "PHP", 0, 16, 0, 0, 0, 0, 0, 0, 0, 0, 5, 21
"c:\xampp\htdocs\shopbanhanglaravel\app\Models\Post.php", "PHP", 0, 14, 0, 0, 0, 0, 0, 0, 0, 0, 5, 19
"c:\xampp\htdocs\shopbanhanglaravel\app\Models\Product.php", "PHP", 0, 19, 0, 0, 0, 0, 0, 0, 0, 0, 6, 25
"c:\xampp\htdocs\shopbanhanglaravel\app\Models\Province.php", "PHP", 0, 11, 0, 0, 0, 0, 0, 0, 0, 0, 4, 15
"c:\xampp\htdocs\shopbanhanglaravel\app\Models\Rating.php", "PHP", 0, 11, 0, 0, 0, 0, 0, 0, 0, 0, 4, 15
"c:\xampp\htdocs\shopbanhanglaravel\app\Models\Roles.php", "PHP", 0, 16, 0, 0, 0, 0, 0, 0, 0, 0, 5, 21
"c:\xampp\htdocs\shopbanhanglaravel\app\Models\RolesUser.php", "PHP", 0, 13, 0, 0, 0, 0, 0, 0, 0, 0, 4, 17
"c:\xampp\htdocs\shopbanhanglaravel\app\Models\Shipping.php", "PHP", 0, 13, 0, 0, 0, 0, 0, 0, 0, 0, 4, 17
"c:\xampp\htdocs\shopbanhanglaravel\app\Models\Slider.php", "PHP", 0, 13, 0, 0, 0, 0, 0, 0, 0, 0, 4, 17
"c:\xampp\htdocs\shopbanhanglaravel\app\Models\Social.php", "PHP", 0, 14, 0, 0, 0, 0, 0, 0, 0, 0, 6, 20
"c:\xampp\htdocs\shopbanhanglaravel\app\Models\User.php", "PHP", 0, 23, 0, 0, 0, 0, 0, 0, 0, 15, 7, 45
"c:\xampp\htdocs\shopbanhanglaravel\app\Models\Wards.php", "PHP", 0, 11, 0, 0, 0, 0, 0, 0, 0, 0, 4, 15
"c:\xampp\htdocs\shopbanhanglaravel\app\Providers\AppServiceProvider.php", "PHP", 0, 12, 0, 0, 0, 0, 0, 0, 0, 12, 5, 29
"c:\xampp\htdocs\shopbanhanglaravel\app\Providers\AuthServiceProvider.php", "PHP", 0, 13, 0, 0, 0, 0, 0, 0, 0, 12, 6, 31
"c:\xampp\htdocs\shopbanhanglaravel\app\Providers\BladeServiceProvider.php", "PHP", 0, 29, 0, 0, 0, 0, 0, 0, 0, 11, 7, 47
"c:\xampp\htdocs\shopbanhanglaravel\app\Providers\BroadcastServiceProvider.php", "PHP", 0, 12, 0, 0, 0, 0, 0, 0, 0, 5, 5, 22
"c:\xampp\htdocs\shopbanhanglaravel\app\Providers\EventServiceProvider.php", "PHP", 0, 21, 0, 0, 0, 0, 0, 0, 0, 16, 6, 43
"c:\xampp\htdocs\shopbanhanglaravel\app\Providers\RouteServiceProvider.php", "PHP", 0, 28, 0, 0, 0, 0, 0, 0, 0, 17, 8, 53
"c:\xampp\htdocs\shopbanhanglaravel\app\Rules\Captcha.php", "PHP", 0, 20, 0, 0, 0, 0, 0, 0, 0, 18, 6, 44
"c:\xampp\htdocs\shopbanhanglaravel\bootstrap\app.php", "PHP", 0, 17, 0, 0, 0, 0, 0, 0, 0, 30, 9, 56
"c:\xampp\htdocs\shopbanhanglaravel\composer.json", "JSON", 0, 0, 0, 0, 0, 0, 69, 0, 0, 0, 1, 70
"c:\xampp\htdocs\shopbanhanglaravel\composer.lock", "JSON", 0, 0, 0, 0, 0, 0, 9110, 0, 0, 0, 1, 9111
"c:\xampp\htdocs\shopbanhanglaravel\config\app.php", "PHP", 0, 55, 0, 0, 0, 0, 0, 0, 0, 134, 35, 224
"c:\xampp\htdocs\shopbanhanglaravel\config\auth.php", "PHP", 0, 38, 0, 0, 0, 0, 0, 0, 0, 66, 14, 118
"c:\xampp\htdocs\shopbanhanglaravel\config\broadcasting.php", "PHP", 0, 35, 0, 0, 0, 0, 0, 0, 0, 23, 13, 71
"c:\xampp\htdocs\shopbanhanglaravel\config\cache.php", "PHP", 0, 58, 0, 0, 0, 0, 0, 0, 0, 34, 19, 111
"c:\xampp\htdocs\shopbanhanglaravel\config\cors.php", "PHP", 0, 3, 0, 0, 0, 0, 0, 0, 0, 29, 3, 35
"c:\xampp\htdocs\shopbanhanglaravel\config\database.php", "PHP", 0, 83, 0, 0, 0, 0, 0, 0, 0, 47, 22, 152
"c:\xampp\htdocs\shopbanhanglaravel\config\filesystems.php", "PHP", 0, 32, 0, 0, 0, 0, 0, 0, 0, 32, 13, 77
"c:\xampp\htdocs\shopbanhanglaravel\config\hashing.php", "PHP", 0, 12, 0, 0, 0, 0, 0, 0, 0, 32, 9, 53
"c:\xampp\htdocs\shopbanhanglaravel\config\logging.php", "PHP", 0, 70, 0, 0, 0, 0, 0, 0, 0, 34, 19, 123
"c:\xampp\htdocs\shopbanhanglaravel\config\mail.php", "PHP", 0, 60, 0, 0, 0, 0, 0, 0, 0, 47, 21, 128
"c:\xampp\htdocs\shopbanhanglaravel\config\paypal.php", "PHP", 0, 19, 0, 0, 0, 0, 0, 0, 0, 4, 3, 26
"c:\xampp\htdocs\shopbanhanglaravel\config\queue.php", "PHP", 0, 47, 0, 0, 0, 0, 0, 0, 0, 32, 15, 94
"c:\xampp\htdocs\shopbanhanglaravel\config\sanctum.php", "PHP", 0, 15, 0, 0, 0, 0, 0, 0, 0, 41, 12, 68
"c:\xampp\htdocs\shopbanhanglaravel\config\services.php", "PHP", 0, 27, 0, 0, 0, 0, 0, 0, 0, 11, 12, 50
"c:\xampp\htdocs\shopbanhanglaravel\config\session.php", "PHP", 0, 22, 0, 0, 0, 0, 0, 0, 0, 147, 33, 202
"c:\xampp\htdocs\shopbanhanglaravel\config\view.php", "PHP", 0, 10, 0, 0, 0, 0, 0, 0, 0, 20, 7, 37
"c:\xampp\htdocs\shopbanhanglaravel\database\factories\UserFactory.php", "PHP", 0, 25, 0, 0, 0, 0, 0, 0, 0, 13, 5, 43
"c:\xampp\htdocs\shopbanhanglaravel\database\migrations\2014_10_12_000000_create_users_table.php", "PHP", 0, 23, 0, 0, 0, 0, 0, 0, 0, 10, 4, 37
"c:\xampp\htdocs\shopbanhanglaravel\database\migrations\2014_10_12_100000_create_password_resets_table.php", "PHP", 0, 19, 0, 0, 0, 0, 0, 0, 0, 10, 4, 33
"c:\xampp\htdocs\shopbanhanglaravel\database\migrations\2019_08_19_000000_create_failed_jobs_table.php", "PHP", 0, 23, 0, 0, 0, 0, 0, 0, 0, 10, 4, 37
"c:\xampp\htdocs\shopbanhanglaravel\database\migrations\2019_12_14_000001_create_personal_access_tokens_table.php", "PHP", 0, 23, 0, 0, 0, 0, 0, 0, 0, 10, 4, 37
"c:\xampp\htdocs\shopbanhanglaravel\database\migrations\2022_06_12_080559_create_tbl_admin_table.php", "PHP", 0, 22, 0, 0, 0, 0, 0, 0, 0, 10, 4, 36
"c:\xampp\htdocs\shopbanhanglaravel\database\migrations\2022_06_12_100655_create_tbl_category_product.php", "PHP", 0, 21, 0, 0, 0, 0, 0, 0, 0, 10, 4, 35
"c:\xampp\htdocs\shopbanhanglaravel\database\migrations\2022_06_12_142711_create_tbl_brand.php", "PHP", 0, 21, 0, 0, 0, 0, 0, 0, 0, 10, 4, 35
"c:\xampp\htdocs\shopbanhanglaravel\database\migrations\2022_06_12_145530_create_tbl_product.php", "PHP", 0, 26, 0, 0, 0, 0, 0, 0, 0, 10, 4, 40
"c:\xampp\htdocs\shopbanhanglaravel\database\migrations\2022_06_15_052243_tbl_customer.php", "PHP", 0, 22, 0, 0, 0, 0, 0, 0, 0, 10, 4, 36
"c:\xampp\htdocs\shopbanhanglaravel\database\migrations\2022_06_15_055724_tbl_shipping.php", "PHP", 0, 23, 0, 0, 0, 0, 0, 0, 0, 10, 4, 37
"c:\xampp\htdocs\shopbanhanglaravel\database\migrations\2022_06_15_092626_tbl_payment.php", "PHP", 0, 20, 0, 0, 0, 0, 0, 0, 0, 10, 4, 34
"c:\xampp\htdocs\shopbanhanglaravel\database\migrations\2022_06_15_092729_tbl_order.php", "PHP", 0, 23, 0, 0, 0, 0, 0, 0, 0, 10, 4, 37
"c:\xampp\htdocs\shopbanhanglaravel\database\migrations\2022_06_15_093801_tbl_order_details.php", "PHP", 0, 23, 0, 0, 0, 0, 0, 0, 0, 10, 4, 37
"c:\xampp\htdocs\shopbanhanglaravel\database\seeders\DatabaseSeeder.php", "PHP", 0, 12, 0, 0, 0, 0, 0, 0, 0, 10, 5, 27
"c:\xampp\htdocs\shopbanhanglaravel\database\seeders\RolesTableSeeder.php", "PHP", 0, 15, 0, 0, 0, 0, 0, 0, 0, 5, 6, 26
"c:\xampp\htdocs\shopbanhanglaravel\database\seeders\UsersTableSeeder.php", "PHP", 0, 39, 0, 0, 0, 0, 0, 0, 0, 6, 8, 53
"c:\xampp\htdocs\shopbanhanglaravel\don_vi_hanh_chinh.sql", "SQL", 0, 0, 0, 0, 0, 0, 0, 0, 11962, 32, 7, 12001
"c:\xampp\htdocs\shopbanhanglaravel\index.php", "PHP", 0, 14, 0, 0, 0, 0, 0, 0, 0, 30, 12, 56
"c:\xampp\htdocs\shopbanhanglaravel\lang\en\auth.php", "PHP", 0, 6, 0, 0, 0, 0, 0, 0, 0, 10, 5, 21
"c:\xampp\htdocs\shopbanhanglaravel\lang\en\pagination.php", "PHP", 0, 5, 0, 0, 0, 0, 0, 0, 0, 10, 5, 20
"c:\xampp\htdocs\shopbanhanglaravel\lang\en\passwords.php", "PHP", 0, 8, 0, 0, 0, 0, 0, 0, 0, 10, 5, 23
"c:\xampp\htdocs\shopbanhanglaravel\lang\en\validation.php", "PHP", 0, 132, 0, 0, 0, 0, 0, 0, 0, 30, 9, 171
"c:\xampp\htdocs\shopbanhanglaravel\package.json", "JSON", 0, 0, 0, 0, 0, 0, 18, 0, 0, 0, 1, 19
"c:\xampp\htdocs\shopbanhanglaravel\phpunit.xml", "XML", 0, 0, 0, 0, 29, 0, 0, 0, 0, 2, 1, 32
"c:\xampp\htdocs\shopbanhanglaravel\public\backend\ckeditor\CHANGES.md", "Markdown", 0, 0, 1724, 0, 0, 0, 0, 0, 0, 0, 485, 2209
"c:\xampp\htdocs\shopbanhanglaravel\public\backend\ckeditor\LICENSE.md", "Markdown", 0, 0, 1189, 0, 0, 0, 0, 0, 0, 0, 248, 1437
"c:\xampp\htdocs\shopbanhanglaravel\public\backend\ckeditor\README.md", "Markdown", 0, 0, 25, 0, 0, 0, 0, 0, 0, 0, 15, 40
"c:\xampp\htdocs\shopbanhanglaravel\public\backend\ckeditor\SECURITY.md", "Markdown", 0, 0, 6, 0, 0, 0, 0, 0, 0, 0, 5, 11
"c:\xampp\htdocs\shopbanhanglaravel\public\backend\ckeditor\adapters\jquery.js", "JavaScript", 0, 0, 0, 6, 0, 0, 0, 0, 0, 4, 0, 10
"c:\xampp\htdocs\shopbanhanglaravel\public\backend\ckeditor\bender-runner.config.json", "JSON", 0, 0, 0, 0, 0, 0, 16, 0, 0, 0, 1, 17
"c:\xampp\htdocs\shopbanhanglaravel\public\backend\ckeditor\build-config.js", "JavaScript", 0, 0, 0, 169, 0, 0, 0, 0, 0, 24, 2, 195
"c:\xampp\htdocs\shopbanhanglaravel\public\backend\ckeditor\ckeditor.js", "JavaScript", 0, 0, 0, 1489, 0, 0, 0, 0, 0, 12, 0, 1501
"c:\xampp\htdocs\shopbanhanglaravel\public\backend\ckeditor\config.js", "JavaScript", 0, 0, 0, 2, 0, 0, 0, 0, 0, 7, 2, 11
"c:\xampp\htdocs\shopbanhanglaravel\public\backend\ckeditor\contents.css", "CSS", 164, 0, 0, 0, 0, 0, 0, 0, 0, 12, 33, 209
"c:\xampp\htdocs\shopbanhanglaravel\public\backend\ckeditor\lang\af.js", "JavaScript", 0, 0, 0, 1, 0, 0, 0, 0, 0, 4, 0, 5
"c:\xampp\htdocs\shopbanhanglaravel\public\backend\ckeditor\lang\ar.js", "JavaScript", 0, 0, 0, 1, 0, 0, 0, 0, 0, 4, 0, 5
"c:\xampp\htdocs\shopbanhanglaravel\public\backend\ckeditor\lang\az.js", "JavaScript", 0, 0, 0, 1, 0, 0, 0, 0, 0, 4, 0, 5
"c:\xampp\htdocs\shopbanhanglaravel\public\backend\ckeditor\lang\bg.js", "JavaScript", 0, 0, 0, 1, 0, 0, 0, 0, 0, 4, 0, 5
"c:\xampp\htdocs\shopbanhanglaravel\public\backend\ckeditor\lang\bn.js", "JavaScript", 0, 0, 0, 1, 0, 0, 0, 0, 0, 4, 0, 5
"c:\xampp\htdocs\shopbanhanglaravel\public\backend\ckeditor\lang\bs.js", "JavaScript", 0, 0, 0, 1, 0, 0, 0, 0, 0, 4, 0, 5
"c:\xampp\htdocs\shopbanhanglaravel\public\backend\ckeditor\lang\ca.js", "JavaScript", 0, 0, 0, 1, 0, 0, 0, 0, 0, 4, 0, 5
"c:\xampp\htdocs\shopbanhanglaravel\public\backend\ckeditor\lang\cs.js", "JavaScript", 0, 0, 0, 1, 0, 0, 0, 0, 0, 4, 0, 5
"c:\xampp\htdocs\shopbanhanglaravel\public\backend\ckeditor\lang\cy.js", "JavaScript", 0, 0, 0, 1, 0, 0, 0, 0, 0, 4, 0, 5
"c:\xampp\htdocs\shopbanhanglaravel\public\backend\ckeditor\lang\da.js", "JavaScript", 0, 0, 0, 1, 0, 0, 0, 0, 0, 4, 0, 5
"c:\xampp\htdocs\shopbanhanglaravel\public\backend\ckeditor\lang\de-ch.js", "JavaScript", 0, 0, 0, 1, 0, 0, 0, 0, 0, 4, 0, 5
"c:\xampp\htdocs\shopbanhanglaravel\public\backend\ckeditor\lang\de.js", "JavaScript", 0, 0, 0, 1, 0, 0, 0, 0, 0, 4, 0, 5
"c:\xampp\htdocs\shopbanhanglaravel\public\backend\ckeditor\lang\el.js", "JavaScript", 0, 0, 0, 1, 0, 0, 0, 0, 0, 4, 0, 5
"c:\xampp\htdocs\shopbanhanglaravel\public\backend\ckeditor\lang\en-au.js", "JavaScript", 0, 0, 0, 1, 0, 0, 0, 0, 0, 4, 0, 5
"c:\xampp\htdocs\shopbanhanglaravel\public\backend\ckeditor\lang\en-ca.js", "JavaScript", 0, 0, 0, 1, 0, 0, 0, 0, 0, 4, 0, 5
"c:\xampp\htdocs\shopbanhanglaravel\public\backend\ckeditor\lang\en-gb.js", "JavaScript", 0, 0, 0, 1, 0, 0, 0, 0, 0, 4, 0, 5
"c:\xampp\htdocs\shopbanhanglaravel\public\backend\ckeditor\lang\en.js", "JavaScript", 0, 0, 0, 1, 0, 0, 0, 0, 0, 4, 0, 5
"c:\xampp\htdocs\shopbanhanglaravel\public\backend\ckeditor\lang\eo.js", "JavaScript", 0, 0, 0, 1, 0, 0, 0, 0, 0, 4, 0, 5
"c:\xampp\htdocs\shopbanhanglaravel\public\backend\ckeditor\lang\es-mx.js", "JavaScript", 0, 0, 0, 1, 0, 0, 0, 0, 0, 4, 0, 5
"c:\xampp\htdocs\shopbanhanglaravel\public\backend\ckeditor\lang\es.js", "JavaScript", 0, 0, 0, 1, 0, 0, 0, 0, 0, 4, 0, 5
"c:\xampp\htdocs\shopbanhanglaravel\public\backend\ckeditor\lang\et.js", "JavaScript", 0, 0, 0, 1, 0, 0, 0, 0, 0, 4, 0, 5
"c:\xampp\htdocs\shopbanhanglaravel\public\backend\ckeditor\lang\eu.js", "JavaScript", 0, 0, 0, 1, 0, 0, 0, 0, 0, 4, 0, 5
"c:\xampp\htdocs\shopbanhanglaravel\public\backend\ckeditor\lang\fa.js", "JavaScript", 0, 0, 0, 1, 0, 0, 0, 0, 0, 4, 0, 5
"c:\xampp\htdocs\shopbanhanglaravel\public\backend\ckeditor\lang\fi.js", "JavaScript", 0, 0, 0, 1, 0, 0, 0, 0, 0, 4, 0, 5
"c:\xampp\htdocs\shopbanhanglaravel\public\backend\ckeditor\lang\fo.js", "JavaScript", 0, 0, 0, 1, 0, 0, 0, 0, 0, 4, 0, 5
"c:\xampp\htdocs\shopbanhanglaravel\public\backend\ckeditor\lang\fr-ca.js", "JavaScript", 0, 0, 0, 1, 0, 0, 0, 0, 0, 4, 0, 5
"c:\xampp\htdocs\shopbanhanglaravel\public\backend\ckeditor\lang\fr.js", "JavaScript", 0, 0, 0, 1, 0, 0, 0, 0, 0, 4, 0, 5
"c:\xampp\htdocs\shopbanhanglaravel\public\backend\ckeditor\lang\gl.js", "JavaScript", 0, 0, 0, 1, 0, 0, 0, 0, 0, 4, 0, 5
"c:\xampp\htdocs\shopbanhanglaravel\public\backend\ckeditor\lang\gu.js", "JavaScript", 0, 0, 0, 1, 0, 0, 0, 0, 0, 4, 0, 5
"c:\xampp\htdocs\shopbanhanglaravel\public\backend\ckeditor\lang\he.js", "JavaScript", 0, 0, 0, 1, 0, 0, 0, 0, 0, 4, 0, 5
"c:\xampp\htdocs\shopbanhanglaravel\public\backend\ckeditor\lang\hi.js", "JavaScript", 0, 0, 0, 1, 0, 0, 0, 0, 0, 4, 0, 5
"c:\xampp\htdocs\shopbanhanglaravel\public\backend\ckeditor\lang\hr.js", "JavaScript", 0, 0, 0, 1, 0, 0, 0, 0, 0, 4, 0, 5
"c:\xampp\htdocs\shopbanhanglaravel\public\backend\ckeditor\lang\hu.js", "JavaScript", 0, 0, 0, 1, 0, 0, 0, 0, 0, 4, 0, 5
"c:\xampp\htdocs\shopbanhanglaravel\public\backend\ckeditor\lang\id.js", "JavaScript", 0, 0, 0, 1, 0, 0, 0, 0, 0, 4, 0, 5
"c:\xampp\htdocs\shopbanhanglaravel\public\backend\ckeditor\lang\is.js", "JavaScript", 0, 0, 0, 1, 0, 0, 0, 0, 0, 4, 0, 5
"c:\xampp\htdocs\shopbanhanglaravel\public\backend\ckeditor\lang\it.js", "JavaScript", 0, 0, 0, 1, 0, 0, 0, 0, 0, 4, 0, 5
"c:\xampp\htdocs\shopbanhanglaravel\public\backend\ckeditor\lang\ja.js", "JavaScript", 0, 0, 0, 1, 0, 0, 0, 0, 0, 4, 0, 5
"c:\xampp\htdocs\shopbanhanglaravel\public\backend\ckeditor\lang\ka.js", "JavaScript", 0, 0, 0, 1, 0, 0, 0, 0, 0, 4, 0, 5
"c:\xampp\htdocs\shopbanhanglaravel\public\backend\ckeditor\lang\km.js", "JavaScript", 0, 0, 0, 1, 0, 0, 0, 0, 0, 4, 0, 5
"c:\xampp\htdocs\shopbanhanglaravel\public\backend\ckeditor\lang\ko.js", "JavaScript", 0, 0, 0, 1, 0, 0, 0, 0, 0, 4, 0, 5
"c:\xampp\htdocs\shopbanhanglaravel\public\backend\ckeditor\lang\ku.js", "JavaScript", 0, 0, 0, 1, 0, 0, 0, 0, 0, 4, 0, 5
"c:\xampp\htdocs\shopbanhanglaravel\public\backend\ckeditor\lang\lt.js", "JavaScript", 0, 0, 0, 1, 0, 0, 0, 0, 0, 4, 0, 5
"c:\xampp\htdocs\shopbanhanglaravel\public\backend\ckeditor\lang\lv.js", "JavaScript", 0, 0, 0, 1, 0, 0, 0, 0, 0, 4, 0, 5
"c:\xampp\htdocs\shopbanhanglaravel\public\backend\ckeditor\lang\mk.js", "JavaScript", 0, 0, 0, 1, 0, 0, 0, 0, 0, 4, 0, 5
"c:\xampp\htdocs\shopbanhanglaravel\public\backend\ckeditor\lang\mn.js", "JavaScript", 0, 0, 0, 1, 0, 0, 0, 0, 0, 4, 0, 5
"c:\xampp\htdocs\shopbanhanglaravel\public\backend\ckeditor\lang\ms.js", "JavaScript", 0, 0, 0, 1, 0, 0, 0, 0, 0, 4, 0, 5
"c:\xampp\htdocs\shopbanhanglaravel\public\backend\ckeditor\lang\nb.js", "JavaScript", 0, 0, 0, 1, 0, 0, 0, 0, 0, 4, 0, 5
"c:\xampp\htdocs\shopbanhanglaravel\public\backend\ckeditor\lang\nl.js", "JavaScript", 0, 0, 0, 1, 0, 0, 0, 0, 0, 4, 0, 5
"c:\xampp\htdocs\shopbanhanglaravel\public\backend\ckeditor\lang\no.js", "JavaScript", 0, 0, 0, 1, 0, 0, 0, 0, 0, 4, 0, 5
"c:\xampp\htdocs\shopbanhanglaravel\public\backend\ckeditor\lang\oc.js", "JavaScript", 0, 0, 0, 1, 0, 0, 0, 0, 0, 4, 0, 5
"c:\xampp\htdocs\shopbanhanglaravel\public\backend\ckeditor\lang\pl.js", "JavaScript", 0, 0, 0, 1, 0, 0, 0, 0, 0, 4, 0, 5
"c:\xampp\htdocs\shopbanhanglaravel\public\backend\ckeditor\lang\pt-br.js", "JavaScript", 0, 0, 0, 1, 0, 0, 0, 0, 0, 4, 0, 5
"c:\xampp\htdocs\shopbanhanglaravel\public\backend\ckeditor\lang\pt.js", "JavaScript", 0, 0, 0, 1, 0, 0, 0, 0, 0, 4, 0, 5
"c:\xampp\htdocs\shopbanhanglaravel\public\backend\ckeditor\lang\ro.js", "JavaScript", 0, 0, 0, 1, 0, 0, 0, 0, 0, 4, 0, 5
"c:\xampp\htdocs\shopbanhanglaravel\public\backend\ckeditor\lang\ru.js", "JavaScript", 0, 0, 0, 1, 0, 0, 0, 0, 0, 4, 0, 5
"c:\xampp\htdocs\shopbanhanglaravel\public\backend\ckeditor\lang\si.js", "JavaScript", 0, 0, 0, 1, 0, 0, 0, 0, 0, 4, 0, 5
"c:\xampp\htdocs\shopbanhanglaravel\public\backend\ckeditor\lang\sk.js", "JavaScript", 0, 0, 0, 1, 0, 0, 0, 0, 0, 4, 0, 5
"c:\xampp\htdocs\shopbanhanglaravel\public\backend\ckeditor\lang\sl.js", "JavaScript", 0, 0, 0, 1, 0, 0, 0, 0, 0, 4, 0, 5
"c:\xampp\htdocs\shopbanhanglaravel\public\backend\ckeditor\lang\sq.js", "JavaScript", 0, 0, 0, 1, 0, 0, 0, 0, 0, 4, 0, 5
"c:\xampp\htdocs\shopbanhanglaravel\public\backend\ckeditor\lang\sr-latn.js", "JavaScript", 0, 0, 0, 1, 0, 0, 0, 0, 0, 4, 0, 5
"c:\xampp\htdocs\shopbanhanglaravel\public\backend\ckeditor\lang\sr.js", "JavaScript", 0, 0, 0, 1, 0, 0, 0, 0, 0, 4, 0, 5
"c:\xampp\htdocs\shopbanhanglaravel\public\backend\ckeditor\lang\sv.js", "JavaScript", 0, 0, 0, 1, 0, 0, 0, 0, 0, 4, 0, 5
"c:\xampp\htdocs\shopbanhanglaravel\public\backend\ckeditor\lang\th.js", "JavaScript", 0, 0, 0, 1, 0, 0, 0, 0, 0, 4, 0, 5
"c:\xampp\htdocs\shopbanhanglaravel\public\backend\ckeditor\lang\tr.js", "JavaScript", 0, 0, 0, 1, 0, 0, 0, 0, 0, 4, 0, 5
"c:\xampp\htdocs\shopbanhanglaravel\public\backend\ckeditor\lang\tt.js", "JavaScript", 0, 0, 0, 1, 0, 0, 0, 0, 0, 4, 0, 5
"c:\xampp\htdocs\shopbanhanglaravel\public\backend\ckeditor\lang\ug.js", "JavaScript", 0, 0, 0, 1, 0, 0, 0, 0, 0, 4, 0, 5
"c:\xampp\htdocs\shopbanhanglaravel\public\backend\ckeditor\lang\uk.js", "JavaScript", 0, 0, 0, 1, 0, 0, 0, 0, 0, 4, 0, 5
"c:\xampp\htdocs\shopbanhanglaravel\public\backend\ckeditor\lang\vi.js", "JavaScript", 0, 0, 0, 1, 0, 0, 0, 0, 0, 4, 0, 5
"c:\xampp\htdocs\shopbanhanglaravel\public\backend\ckeditor\lang\zh-cn.js", "JavaScript", 0, 0, 0, 1, 0, 0, 0, 0, 0, 4, 0, 5
"c:\xampp\htdocs\shopbanhanglaravel\public\backend\ckeditor\lang\zh.js", "JavaScript", 0, 0, 0, 1, 0, 0, 0, 0, 0, 4, 0, 5
"c:\xampp\htdocs\shopbanhanglaravel\public\backend\ckeditor\plugins\a11yhelp\dialogs\a11yhelp.js", "JavaScript", 0, 0, 0, 6, 0, 0, 0, 0, 0, 4, 0, 10
"c:\xampp\htdocs\shopbanhanglaravel\public\backend\ckeditor\plugins\a11yhelp\dialogs\lang\af.js", "JavaScript", 0, 0, 0, 7, 0, 0, 0, 0, 0, 4, 0, 11
"c:\xampp\htdocs\shopbanhanglaravel\public\backend\ckeditor\plugins\a11yhelp\dialogs\lang\ar.js", "JavaScript", 0, 0, 0, 7, 0, 0, 0, 0, 0, 4, 0, 11
"c:\xampp\htdocs\shopbanhanglaravel\public\backend\ckeditor\plugins\a11yhelp\dialogs\lang\az.js", "JavaScript", 0, 0, 0, 7, 0, 0, 0, 0, 0, 4, 0, 11
"c:\xampp\htdocs\shopbanhanglaravel\public\backend\ckeditor\plugins\a11yhelp\dialogs\lang\bg.js", "JavaScript", 0, 0, 0, 7, 0, 0, 0, 0, 0, 4, 0, 11
"c:\xampp\htdocs\shopbanhanglaravel\public\backend\ckeditor\plugins\a11yhelp\dialogs\lang\ca.js", "JavaScript", 0, 0, 0, 9, 0, 0, 0, 0, 0, 4, 0, 13
"c:\xampp\htdocs\shopbanhanglaravel\public\backend\ckeditor\plugins\a11yhelp\dialogs\lang\cs.js", "JavaScript", 0, 0, 0, 8, 0, 0, 0, 0, 0, 4, 0, 12
"c:\xampp\htdocs\shopbanhanglaravel\public\backend\ckeditor\plugins\a11yhelp\dialogs\lang\cy.js", "JavaScript", 0, 0, 0, 7, 0, 0, 0, 0, 0, 4, 0, 11
"c:\xampp\htdocs\shopbanhanglaravel\public\backend\ckeditor\plugins\a11yhelp\dialogs\lang\da.js", "JavaScript", 0, 0, 0, 7, 0, 0, 0, 0, 0, 4, 0, 11
"c:\xampp\htdocs\shopbanhanglaravel\public\backend\ckeditor\plugins\a11yhelp\dialogs\lang\de-ch.js", "JavaScript", 0, 0, 0, 9, 0, 0, 0, 0, 0, 4, 0, 13
"c:\xampp\htdocs\shopbanhanglaravel\public\backend\ckeditor\plugins\a11yhelp\dialogs\lang\de.js", "JavaScript", 0, 0, 0, 9, 0, 0, 0, 0, 0, 4, 0, 13
"c:\xampp\htdocs\shopbanhanglaravel\public\backend\ckeditor\plugins\a11yhelp\dialogs\lang\el.js", "JavaScript", 0, 0, 0, 9, 0, 0, 0, 0, 0, 4, 0, 13
"c:\xampp\htdocs\shopbanhanglaravel\public\backend\ckeditor\plugins\a11yhelp\dialogs\lang\en-au.js", "JavaScript", 0, 0, 0, 7, 0, 0, 0, 0, 0, 4, 0, 11
"c:\xampp\htdocs\shopbanhanglaravel\public\backend\ckeditor\plugins\a11yhelp\dialogs\lang\en-gb.js", "JavaScript", 0, 0, 0, 7, 0, 0, 0, 0, 0, 4, 0, 11
"c:\xampp\htdocs\shopbanhanglaravel\public\backend\ckeditor\plugins\a11yhelp\dialogs\lang\en.js", "JavaScript", 0, 0, 0, 7, 0, 0, 0, 0, 0, 4, 0, 11
"c:\xampp\htdocs\shopbanhanglaravel\public\backend\ckeditor\plugins\a11yhelp\dialogs\lang\eo.js", "JavaScript", 0, 0, 0, 9, 0, 0, 0, 0, 0, 4, 0, 13
"c:\xampp\htdocs\shopbanhanglaravel\public\backend\ckeditor\plugins\a11yhelp\dialogs\lang\es-mx.js", "JavaScript", 0, 0, 0, 9, 0, 0, 0, 0, 0, 4, 0, 13
"c:\xampp\htdocs\shopbanhanglaravel\public\backend\ckeditor\plugins\a11yhelp\dialogs\lang\es.js", "JavaScript", 0, 0, 0, 9, 0, 0, 0, 0, 0, 4, 0, 13
"c:\xampp\htdocs\shopbanhanglaravel\public\backend\ckeditor\plugins\a11yhelp\dialogs\lang\et.js", "JavaScript", 0, 0, 0, 7, 0, 0, 0, 0, 0, 4, 0, 11
"c:\xampp\htdocs\shopbanhanglaravel\public\backend\ckeditor\plugins\a11yhelp\dialogs\lang\eu.js", "JavaScript", 0, 0, 0, 8, 0, 0, 0, 0, 0, 4, 0, 12
"c:\xampp\htdocs\shopbanhanglaravel\public\backend\ckeditor\plugins\a11yhelp\dialogs\lang\fa.js", "JavaScript", 0, 0, 0, 7, 0, 0, 0, 0, 0, 4, 0, 11
"c:\xampp\htdocs\shopbanhanglaravel\public\backend\ckeditor\plugins\a11yhelp\dialogs\lang\fi.js", "JavaScript", 0, 0, 0, 7, 0, 0, 0, 0, 0, 4, 0, 11
"c:\xampp\htdocs\shopbanhanglaravel\public\backend\ckeditor\plugins\a11yhelp\dialogs\lang\fo.js", "JavaScript", 0, 0, 0, 7, 0, 0, 0, 0, 0, 4, 0, 11
"c:\xampp\htdocs\shopbanhanglaravel\public\backend\ckeditor\plugins\a11yhelp\dialogs\lang\fr-ca.js", "JavaScript", 0, 0, 0, 7, 0, 0, 0, 0, 0, 4, 0, 11
"c:\xampp\htdocs\shopbanhanglaravel\public\backend\ckeditor\plugins\a11yhelp\dialogs\lang\fr.js", "JavaScript", 0, 0, 0, 9, 0, 0, 0, 0, 0, 4, 0, 13
"c:\xampp\htdocs\shopbanhanglaravel\public\backend\ckeditor\plugins\a11yhelp\dialogs\lang\gl.js", "JavaScript", 0, 0, 0, 8, 0, 0, 0, 0, 0, 4, 0, 12
"c:\xampp\htdocs\shopbanhanglaravel\public\backend\ckeditor\plugins\a11yhelp\dialogs\lang\gu.js", "JavaScript", 0, 0, 0, 7, 0, 0, 0, 0, 0, 4, 0, 11
"c:\xampp\htdocs\shopbanhanglaravel\public\backend\ckeditor\plugins\a11yhelp\dialogs\lang\he.js", "JavaScript", 0, 0, 0, 7, 0, 0, 0, 0, 0, 4, 0, 11
"c:\xampp\htdocs\shopbanhanglaravel\public\backend\ckeditor\plugins\a11yhelp\dialogs\lang\hi.js", "JavaScript", 0, 0, 0, 7, 0, 0, 0, 0, 0, 4, 0, 11
"c:\xampp\htdocs\shopbanhanglaravel\public\backend\ckeditor\plugins\a11yhelp\dialogs\lang\hr.js", "JavaScript", 0, 0, 0, 7, 0, 0, 0, 0, 0, 4, 0, 11
"c:\xampp\htdocs\shopbanhanglaravel\public\backend\ckeditor\plugins\a11yhelp\dialogs\lang\hu.js", "JavaScript", 0, 0, 0, 8, 0, 0, 0, 0, 0, 4, 0, 12
"c:\xampp\htdocs\shopbanhanglaravel\public\backend\ckeditor\plugins\a11yhelp\dialogs\lang\id.js", "JavaScript", 0, 0, 0, 7, 0, 0, 0, 0, 0, 4, 0, 11
"c:\xampp\htdocs\shopbanhanglaravel\public\backend\ckeditor\plugins\a11yhelp\dialogs\lang\it.js", "JavaScript", 0, 0, 0, 9, 0, 0, 0, 0, 0, 4, 0, 13
"c:\xampp\htdocs\shopbanhanglaravel\public\backend\ckeditor\plugins\a11yhelp\dialogs\lang\ja.js", "JavaScript", 0, 0, 0, 5, 0, 0, 0, 0, 0, 4, 0, 9
"c:\xampp\htdocs\shopbanhanglaravel\public\backend\ckeditor\plugins\a11yhelp\dialogs\lang\km.js", "JavaScript", 0, 0, 0, 7, 0, 0, 0, 0, 0, 4, 0, 11
"c:\xampp\htdocs\shopbanhanglaravel\public\backend\ckeditor\plugins\a11yhelp\dialogs\lang\ko.js", "JavaScript", 0, 0, 0, 6, 0, 0, 0, 0, 0, 4, 0, 10
"c:\xampp\htdocs\shopbanhanglaravel\public\backend\ckeditor\plugins\a11yhelp\dialogs\lang\ku.js", "JavaScript", 0, 0, 0, 7, 0, 0, 0, 0, 0, 4, 0, 11
"c:\xampp\htdocs\shopbanhanglaravel\public\backend\ckeditor\plugins\a11yhelp\dialogs\lang\lt.js", "JavaScript", 0, 0, 0, 7, 0, 0, 0, 0, 0, 4, 0, 11
"c:\xampp\htdocs\shopbanhanglaravel\public\backend\ckeditor\plugins\a11yhelp\dialogs\lang\lv.js", "JavaScript", 0, 0, 0, 8, 0, 0, 0, 0, 0, 4, 0, 12
"c:\xampp\htdocs\shopbanhanglaravel\public\backend\ckeditor\plugins\a11yhelp\dialogs\lang\mk.js", "JavaScript", 0, 0, 0, 7, 0, 0, 0, 0, 0, 4, 0, 11
"c:\xampp\htdocs\shopbanhanglaravel\public\backend\ckeditor\plugins\a11yhelp\dialogs\lang\mn.js", "JavaScript", 0, 0, 0, 7, 0, 0, 0, 0, 0, 4, 0, 11
"c:\xampp\htdocs\shopbanhanglaravel\public\backend\ckeditor\plugins\a11yhelp\dialogs\lang\nb.js", "JavaScript", 0, 0, 0, 8, 0, 0, 0, 0, 0, 4, 0, 12
"c:\xampp\htdocs\shopbanhanglaravel\public\backend\ckeditor\plugins\a11yhelp\dialogs\lang\nl.js", "JavaScript", 0, 0, 0, 8, 0, 0, 0, 0, 0, 4, 0, 12
"c:\xampp\htdocs\shopbanhanglaravel\public\backend\ckeditor\plugins\a11yhelp\dialogs\lang\no.js", "JavaScript", 0, 0, 0, 7, 0, 0, 0, 0, 0, 4, 0, 11
"c:\xampp\htdocs\shopbanhanglaravel\public\backend\ckeditor\plugins\a11yhelp\dialogs\lang\oc.js", "JavaScript", 0, 0, 0, 8, 0, 0, 0, 0, 0, 4, 0, 12
"c:\xampp\htdocs\shopbanhanglaravel\public\backend\ckeditor\plugins\a11yhelp\dialogs\lang\pl.js", "JavaScript", 0, 0, 0, 9, 0, 0, 0, 0, 0, 4, 0, 13
"c:\xampp\htdocs\shopbanhanglaravel\public\backend\ckeditor\plugins\a11yhelp\dialogs\lang\pt-br.js", "JavaScript", 0, 0, 0, 9, 0, 0, 0, 0, 0, 4, 0, 13
"c:\xampp\htdocs\shopbanhanglaravel\public\backend\ckeditor\plugins\a11yhelp\dialogs\lang\pt.js", "JavaScript", 0, 0, 0, 8, 0, 0, 0, 0, 0, 4, 0, 12
"c:\xampp\htdocs\shopbanhanglaravel\public\backend\ckeditor\plugins\a11yhelp\dialogs\lang\ro.js", "JavaScript", 0, 0, 0, 8, 0, 0, 0, 0, 0, 4, 0, 12
"c:\xampp\htdocs\shopbanhanglaravel\public\backend\ckeditor\plugins\a11yhelp\dialogs\lang\ru.js", "JavaScript", 0, 0, 0, 7, 0, 0, 0, 0, 0, 4, 0, 11
"c:\xampp\htdocs\shopbanhanglaravel\public\backend\ckeditor\plugins\a11yhelp\dialogs\lang\si.js", "JavaScript", 0, 0, 0, 6, 0, 0, 0, 0, 0, 4, 0, 10
"c:\xampp\htdocs\shopbanhanglaravel\public\backend\ckeditor\plugins\a11yhelp\dialogs\lang\sk.js", "JavaScript", 0, 0, 0, 7, 0, 0, 0, 0, 0, 4, 0, 11
"c:\xampp\htdocs\shopbanhanglaravel\public\backend\ckeditor\plugins\a11yhelp\dialogs\lang\sl.js", "JavaScript", 0, 0, 0, 7, 0, 0, 0, 0, 0, 4, 0, 11
"c:\xampp\htdocs\shopbanhanglaravel\public\backend\ckeditor\plugins\a11yhelp\dialogs\lang\sq.js", "JavaScript", 0, 0, 0, 8, 0, 0, 0, 0, 0, 4, 0, 12
"c:\xampp\htdocs\shopbanhanglaravel\public\backend\ckeditor\plugins\a11yhelp\dialogs\lang\sr-latn.js", "JavaScript", 0, 0, 0, 8, 0, 0, 0, 0, 0, 4, 0, 12
"c:\xampp\htdocs\shopbanhanglaravel\public\backend\ckeditor\plugins\a11yhelp\dialogs\lang\sr.js", "JavaScript", 0, 0, 0, 8, 0, 0, 0, 0, 0, 4, 0, 12
"c:\xampp\htdocs\shopbanhanglaravel\public\backend\ckeditor\plugins\a11yhelp\dialogs\lang\sv.js", "JavaScript", 0, 0, 0, 7, 0, 0, 0, 0, 0, 4, 0, 11
"c:\xampp\htdocs\shopbanhanglaravel\public\backend\ckeditor\plugins\a11yhelp\dialogs\lang\th.js", "JavaScript", 0, 0, 0, 7, 0, 0, 0, 0, 0, 4, 0, 11
"c:\xampp\htdocs\shopbanhanglaravel\public\backend\ckeditor\plugins\a11yhelp\dialogs\lang\tr.js", "JavaScript", 0, 0, 0, 8, 0, 0, 0, 0, 0, 4, 0, 12
"c:\xampp\htdocs\shopbanhanglaravel\public\backend\ckeditor\plugins\a11yhelp\dialogs\lang\tt.js", "JavaScript", 0, 0, 0, 7, 0, 0, 0, 0, 0, 4, 0, 11
"c:\xampp\htdocs\shopbanhanglaravel\public\backend\ckeditor\plugins\a11yhelp\dialogs\lang\ug.js", "JavaScript", 0, 0, 0, 8, 0, 0, 0, 0, 0, 4, 0, 12
"c:\xampp\htdocs\shopbanhanglaravel\public\backend\ckeditor\plugins\a11yhelp\dialogs\lang\uk.js", "JavaScript", 0, 0, 0, 8, 0, 0, 0, 0, 0, 4, 0, 12
"c:\xampp\htdocs\shopbanhanglaravel\public\backend\ckeditor\plugins\a11yhelp\dialogs\lang\vi.js", "JavaScript", 0, 0, 0, 7, 0, 0, 0, 0, 0, 4, 0, 11
"c:\xampp\htdocs\shopbanhanglaravel\public\backend\ckeditor\plugins\a11yhelp\dialogs\lang\zh-cn.js", "JavaScript", 0, 0, 0, 5, 0, 0, 0, 0, 0, 4, 0, 9
"c:\xampp\htdocs\shopbanhanglaravel\public\backend\ckeditor\plugins\a11yhelp\dialogs\lang\zh.js", "JavaScript", 0, 0, 0, 5, 0, 0, 0, 0, 0, 4, 0, 9
"c:\xampp\htdocs\shopbanhanglaravel\public\backend\ckeditor\plugins\about\dialogs\about.js", "JavaScript", 0, 0, 0, 4, 0, 0, 0, 0, 0, 4, 0, 8
"c:\xampp\htdocs\shopbanhanglaravel\public\backend\ckeditor\plugins\balloonpanel\skins\kama\balloonpanel.css", "CSS", 168, 0, 0, 0, 0, 0, 0, 0, 0, 15, 38, 221
"c:\xampp\htdocs\shopbanhanglaravel\public\backend\ckeditor\plugins\balloonpanel\skins\moono-lisa\balloonpanel.css", "CSS", 174, 0, 0, 0, 0, 0, 0, 0, 0, 15, 35, 224
"c:\xampp\htdocs\shopbanhanglaravel\public\backend\ckeditor\plugins\balloonpanel\skins\moono\balloonpanel.css", "CSS", 182, 0, 0, 0, 0, 0, 0, 0, 0, 16, 40, 238
"c:\xampp\htdocs\shopbanhanglaravel\public\backend\ckeditor\plugins\balloontoolbar\skins\default.css", "CSS", 72, 0, 0, 0, 0, 0, 0, 0, 0, 10, 14, 96
"c:\xampp\htdocs\shopbanhanglaravel\public\backend\ckeditor\plugins\balloontoolbar\skins\kama\balloontoolbar.css", "CSS", 21, 0, 0, 0, 0, 0, 0, 0, 0, 5, 5, 31
"c:\xampp\htdocs\shopbanhanglaravel\public\backend\ckeditor\plugins\balloontoolbar\skins\moono-lisa\balloontoolbar.css", "CSS", 32, 0, 0, 0, 0, 0, 0, 0, 0, 6, 7, 45
"c:\xampp\htdocs\shopbanhanglaravel\public\backend\ckeditor\plugins\balloontoolbar\skins\moono\balloontoolbar.css", "CSS", 24, 0, 0, 0, 0, 0, 0, 0, 0, 5, 6, 35
"c:\xampp\htdocs\shopbanhanglaravel\public\backend\ckeditor\plugins\clipboard\dialogs\paste.js", "JavaScript", 0, 0, 0, 7, 0, 0, 0, 0, 0, 4, 0, 11
"c:\xampp\htdocs\shopbanhanglaravel\public\backend\ckeditor\plugins\colordialog\dialogs\colordialog.css", "CSS", 13, 0, 0, 0, 0, 0, 0, 0, 0, 4, 4, 21
"c:\xampp\htdocs\shopbanhanglaravel\public\backend\ckeditor\plugins\colordialog\dialogs\colordialog.js", "JavaScript", 0, 0, 0, 10, 0, 0, 0, 0, 0, 4, 0, 14
"c:\xampp\htdocs\shopbanhanglaravel\public\backend\ckeditor\plugins\copyformatting\cursors\cursor-disabled.svg", "XML", 0, 0, 0, 0, 24, 0, 0, 0, 0, 0, 1, 25
"c:\xampp\htdocs\shopbanhanglaravel\public\backend\ckeditor\plugins\copyformatting\cursors\cursor.svg", "XML", 0, 0, 0, 0, 14, 0, 0, 0, 0, 0, 1, 15
"c:\xampp\htdocs\shopbanhanglaravel\public\backend\ckeditor\plugins\copyformatting\styles\copyformatting.css", "CSS", 30, 0, 0, 0, 0, 0, 0, 0, 0, 10, 6, 46
"c:\xampp\htdocs\shopbanhanglaravel\public\backend\ckeditor\plugins\dialog\dialogDefinition.js", "JavaScript", 0, 0, 0, 0, 0, 0, 0, 0, 0, 4, 1, 5
"c:\xampp\htdocs\shopbanhanglaravel\public\backend\ckeditor\plugins\dialog\styles\dialog.css", "CSS", 16, 0, 0, 0, 0, 0, 0, 0, 0, 0, 3, 19
"c:\xampp\htdocs\shopbanhanglaravel\public\backend\ckeditor\plugins\div\dialogs\div.js", "JavaScript", 0, 0, 0, 10, 0, 0, 0, 0, 0, 0, 0, 10
"c:\xampp\htdocs\shopbanhanglaravel\public\backend\ckeditor\plugins\easyimage\dialogs\easyimagealt.js", "JavaScript", 0, 0, 0, 2, 0, 0, 0, 0, 0, 4, 0, 6
"c:\xampp\htdocs\shopbanhanglaravel\public\backend\ckeditor\plugins\easyimage\styles\easyimage.css", "CSS", 77, 0, 0, 0, 0, 0, 0, 0, 0, 23, 19, 119
"c:\xampp\htdocs\shopbanhanglaravel\public\backend\ckeditor\plugins\exportpdf\CHANGELOG.md", "Markdown", 0, 0, 39, 0, 0, 0, 0, 0, 0, 0, 34, 73
"c:\xampp\htdocs\shopbanhanglaravel\public\backend\ckeditor\plugins\exportpdf\LICENSE.md", "Markdown", 0, 0, 12, 0, 0, 0, 0, 0, 0, 0, 7, 19
"c:\xampp\htdocs\shopbanhanglaravel\public\backend\ckeditor\plugins\exportpdf\README.md", "Markdown", 0, 0, 63, 0, 0, 0, 0, 0, 0, 0, 40, 103
"c:\xampp\htdocs\shopbanhanglaravel\public\backend\ckeditor\plugins\exportpdf\plugindefinition.js", "JavaScript", 0, 0, 0, 0, 0, 0, 0, 0, 0, 0, 1, 1
"c:\xampp\htdocs\shopbanhanglaravel\public\backend\ckeditor\plugins\exportpdf\tests\_helpers\tools.js", "JavaScript", 0, 0, 0, 1, 0, 0, 0, 0, 0, 4, 0, 5
"c:\xampp\htdocs\shopbanhanglaravel\public\backend\ckeditor\plugins\exportpdf\tests\authentication.js", "JavaScript", 0, 0, 0, 6, 0, 0, 0, 0, 0, 0, 0, 6
"c:\xampp\htdocs\shopbanhanglaravel\public\backend\ckeditor\plugins\exportpdf\tests\exportpdf.js", "JavaScript", 0, 0, 0, 10, 0, 0, 0, 0, 0, 0, 0, 10
"c:\xampp\htdocs\shopbanhanglaravel\public\backend\ckeditor\plugins\exportpdf\tests\manual\configfilename.html", "HTML", 0, 0, 0, 0, 0, 21, 0, 0, 0, 0, 7, 28
"c:\xampp\htdocs\shopbanhanglaravel\public\backend\ckeditor\plugins\exportpdf\tests\manual\configfilename.md", "Markdown", 0, 0, 26, 0, 0, 0, 0, 0, 0, 0, 21, 47
"c:\xampp\htdocs\shopbanhanglaravel\public\backend\ckeditor\plugins\exportpdf\tests\manual\emptyeditor.html", "HTML", 0, 0, 0, 0, 0, 13, 0, 0, 0, 0, 6, 19
"c:\xampp\htdocs\shopbanhanglaravel\public\backend\ckeditor\plugins\exportpdf\tests\manual\emptyeditor.md", "Markdown", 0, 0, 23, 0, 0, 0, 0, 0, 0, 0, 12, 35
"c:\xampp\htdocs\shopbanhanglaravel\public\backend\ckeditor\plugins\exportpdf\tests\manual\integration.html", "HTML", 0, 0, 0, 0, 0, 115, 0, 0, 0, 0, 34, 149
"c:\xampp\htdocs\shopbanhanglaravel\public\backend\ckeditor\plugins\exportpdf\tests\manual\integration.md", "Markdown", 0, 0, 8, 0, 0, 0, 0, 0, 0, 0, 5, 13
"c:\xampp\htdocs\shopbanhanglaravel\public\backend\ckeditor\plugins\exportpdf\tests\manual\integrations\easyimage.html", "HTML", 0, 0, 0, 0, 0, 21, 0, 0, 0, 0, 7, 28
"c:\xampp\htdocs\shopbanhanglaravel\public\backend\ckeditor\plugins\exportpdf\tests\manual\integrations\easyimage.md", "Markdown", 0, 0, 16, 0, 0, 0, 0, 0, 0, 0, 11, 27
"c:\xampp\htdocs\shopbanhanglaravel\public\backend\ckeditor\plugins\exportpdf\tests\manual\notifications.html", "HTML", 0, 0, 0, 0, 0, 15, 0, 0, 0, 0, 5, 20
"c:\xampp\htdocs\shopbanhanglaravel\public\backend\ckeditor\plugins\exportpdf\tests\manual\notifications.md", "Markdown", 0, 0, 26, 0, 0, 0, 0, 0, 0, 0, 11, 37
"c:\xampp\htdocs\shopbanhanglaravel\public\backend\ckeditor\plugins\exportpdf\tests\manual\notificationsasync.html", "HTML", 0, 0, 0, 0, 0, 35, 0, 0, 0, 0, 11, 46
"c:\xampp\htdocs\shopbanhanglaravel\public\backend\ckeditor\plugins\exportpdf\tests\manual\notificationsasync.md", "Markdown", 0, 0, 17, 0, 0, 0, 0, 0, 0, 0, 11, 28
"c:\xampp\htdocs\shopbanhanglaravel\public\backend\ckeditor\plugins\exportpdf\tests\manual\paperformat.html", "HTML", 0, 0, 0, 0, 0, 25, 0, 0, 0, 0, 5, 30
"c:\xampp\htdocs\shopbanhanglaravel\public\backend\ckeditor\plugins\exportpdf\tests\manual\paperformat.md", "Markdown", 0, 0, 13, 0, 0, 0, 0, 0, 0, 0, 6, 19
"c:\xampp\htdocs\shopbanhanglaravel\public\backend\ckeditor\plugins\exportpdf\tests\manual\readonly.html", "HTML", 0, 0, 0, 0, 0, 13, 0, 0, 0, 0, 6, 19
"c:\xampp\htdocs\shopbanhanglaravel\public\backend\ckeditor\plugins\exportpdf\tests\manual\readonly.md", "Markdown", 0, 0, 17, 0, 0, 0, 0, 0, 0, 0, 12, 29
"c:\xampp\htdocs\shopbanhanglaravel\public\backend\ckeditor\plugins\exportpdf\tests\manual\stylesheets.html", "HTML", 0, 0, 0, 0, 0, 30, 0, 0, 0, 0, 7, 37
"c:\xampp\htdocs\shopbanhanglaravel\public\backend\ckeditor\plugins\exportpdf\tests\manual\stylesheets.md", "Markdown", 0, 0, 12, 0, 0, 0, 0, 0, 0, 0, 8, 20
"c:\xampp\htdocs\shopbanhanglaravel\public\backend\ckeditor\plugins\exportpdf\tests\manual\tokenfetching.html", "HTML", 0, 0, 0, 0, 0, 17, 0, 0, 0, 0, 7, 24
"c:\xampp\htdocs\shopbanhanglaravel\public\backend\ckeditor\plugins\exportpdf\tests\manual\tokenfetching.md", "Markdown", 0, 0, 12, 0, 0, 0, 0, 0, 0, 0, 8, 20
"c:\xampp\htdocs\shopbanhanglaravel\public\backend\ckeditor\plugins\exportpdf\tests\manual\tokentwoeditorscorrect.html", "HTML", 0, 0, 0, 0, 0, 30, 0, 0, 0, 0, 9, 39
"c:\xampp\htdocs\shopbanhanglaravel\public\backend\ckeditor\plugins\exportpdf\tests\manual\tokentwoeditorscorrect.md", "Markdown", 0, 0, 9, 0, 0, 0, 0, 0, 0, 0, 6, 15
"c:\xampp\htdocs\shopbanhanglaravel\public\backend\ckeditor\plugins\exportpdf\tests\manual\tokentwoeditorswrong.html", "HTML", 0, 0, 0, 0, 0, 30, 0, 0, 0, 0, 9, 39
"c:\xampp\htdocs\shopbanhanglaravel\public\backend\ckeditor\plugins\exportpdf\tests\manual\tokentwoeditorswrong.md", "Markdown", 0, 0, 9, 0, 0, 0, 0, 0, 0, 0, 6, 15
"c:\xampp\htdocs\shopbanhanglaravel\public\backend\ckeditor\plugins\exportpdf\tests\manual\tokenwithouturl.html", "HTML", 0, 0, 0, 0, 0, 14, 0, 0, 0, 0, 6, 20
"c:\xampp\htdocs\shopbanhanglaravel\public\backend\ckeditor\plugins\exportpdf\tests\manual\tokenwithouturl.md", "Markdown", 0, 0, 18, 0, 0, 0, 0, 0, 0, 0, 14, 32
"c:\xampp\htdocs\shopbanhanglaravel\public\backend\ckeditor\plugins\exportpdf\tests\manual\wrongendpoint.html", "HTML", 0, 0, 0, 0, 0, 17, 0, 0, 0, 0, 5, 22
"c:\xampp\htdocs\shopbanhanglaravel\public\backend\ckeditor\plugins\exportpdf\tests\manual\wrongendpoint.md", "Markdown", 0, 0, 23, 0, 0, 0, 0, 0, 0, 0, 12, 35
"c:\xampp\htdocs\shopbanhanglaravel\public\backend\ckeditor\plugins\exportpdf\tests\notification.js", "JavaScript", 0, 0, 0, 4, 0, 0, 0, 0, 0, 0, 0, 4
"c:\xampp\htdocs\shopbanhanglaravel\public\backend\ckeditor\plugins\exportpdf\tests\resourcespaths.js", "JavaScript", 0, 0, 0, 9, 0, 0, 0, 0, 0, 0, 0, 9
"c:\xampp\htdocs\shopbanhanglaravel\public\backend\ckeditor\plugins\exportpdf\tests\statistics.js", "JavaScript", 0, 0, 0, 3, 0, 0, 0, 0, 0, 0, 0, 3
"c:\xampp\htdocs\shopbanhanglaravel\public\backend\ckeditor\plugins\exportpdf\tests\stylesheets.js", "JavaScript", 0, 0, 0, 18, 0, 0, 0, 0, 0, 0, 0, 18
"c:\xampp\htdocs\shopbanhanglaravel\public\backend\ckeditor\plugins\find\dialogs\find.js", "JavaScript", 0, 0, 0, 21, 0, 0, 0, 0, 0, 4, 0, 25
"c:\xampp\htdocs\shopbanhanglaravel\public\backend\ckeditor\plugins\forms\dialogs\button.js", "JavaScript", 0, 0, 0, 4, 0, 0, 0, 0, 0, 4, 0, 8
"c:\xampp\htdocs\shopbanhanglaravel\public\backend\ckeditor\plugins\forms\dialogs\checkbox.js", "JavaScript", 0, 0, 0, 5, 0, 0, 0, 0, 0, 4, 0, 9
"c:\xampp\htdocs\shopbanhanglaravel\public\backend\ckeditor\plugins\forms\dialogs\form.js", "JavaScript", 0, 0, 0, 4, 0, 0, 0, 0, 0, 4, 0, 8
"c:\xampp\htdocs\shopbanhanglaravel\public\backend\ckeditor\plugins\forms\dialogs\hiddenfield.js", "JavaScript", 0, 0, 0, 3, 0, 0, 0, 0, 0, 4, 0, 7
"c:\xampp\htdocs\shopbanhanglaravel\public\backend\ckeditor\plugins\forms\dialogs\radio.js", "JavaScript", 0, 0, 0, 5, 0, 0, 0, 0, 0, 4, 0, 9
"c:\xampp\htdocs\shopbanhanglaravel\public\backend\ckeditor\plugins\forms\dialogs\select.js", "JavaScript", 0, 0, 0, 17, 0, 0, 0, 0, 0, 4, 0, 21
"c:\xampp\htdocs\shopbanhanglaravel\public\backend\ckeditor\plugins\forms\dialogs\textarea.js", "JavaScript", 0, 0, 0, 5, 0, 0, 0, 0, 0, 4, 0, 9
"c:\xampp\htdocs\shopbanhanglaravel\public\backend\ckeditor\plugins\forms\dialogs\textfield.js", "JavaScript", 0, 0, 0, 7, 0, 0, 0, 0, 0, 4, 0, 11
"c:\xampp\htdocs\shopbanhanglaravel\public\backend\ckeditor\plugins\iframe\dialogs\iframe.js", "JavaScript", 0, 0, 0, 7, 0, 0, 0, 0, 0, 4, 0, 11
"c:\xampp\htdocs\shopbanhanglaravel\public\backend\ckeditor\plugins\image\dialogs\image.js", "JavaScript", 0, 0, 0, 40, 0, 0, 0, 0, 0, 4, 0, 44
"c:\xampp\htdocs\shopbanhanglaravel\public\backend\ckeditor\plugins\imagebase\styles\imagebase.css", "CSS", 8, 0, 0, 0, 0, 0, 0, 0, 0, 0, 2, 10
"c:\xampp\htdocs\shopbanhanglaravel\public\backend\ckeditor\plugins\link\dialogs\anchor.js", "JavaScript", 0, 0, 0, 4, 0, 0, 0, 0, 0, 4, 0, 8
"c:\xampp\htdocs\shopbanhanglaravel\public\backend\ckeditor\plugins\link\dialogs\link.js", "JavaScript", 0, 0, 0, 26, 0, 0, 0, 0, 0, 4, 0, 30
"c:\xampp\htdocs\shopbanhanglaravel\public\backend\ckeditor\plugins\liststyle\dialogs\liststyle.js", "JavaScript", 0, 0, 0, 6, 0, 0, 0, 0, 0, 4, 0, 10
"c:\xampp\htdocs\shopbanhanglaravel\public\backend\ckeditor\plugins\pastefromgdocs\filter\default.js", "JavaScript", 0, 0, 0, 4, 0, 0, 0, 0, 0, 4, 0, 8
"c:\xampp\htdocs\shopbanhanglaravel\public\backend\ckeditor\plugins\pastefromlibreoffice\filter\default.js", "JavaScript", 0, 0, 0, 7, 0, 0, 0, 0, 0, 4, 0, 11
"c:\xampp\htdocs\shopbanhanglaravel\public\backend\ckeditor\plugins\pastefromword\filter\default.js", "JavaScript", 0, 0, 0, 38, 0, 0, 0, 0, 0, 4, 0, 42
"c:\xampp\htdocs\shopbanhanglaravel\public\backend\ckeditor\plugins\pastetools\filter\common.js", "JavaScript", 0, 0, 0, 20, 0, 0, 0, 0, 0, 4, 0, 24
"c:\xampp\htdocs\shopbanhanglaravel\public\backend\ckeditor\plugins\pastetools\filter\image.js", "JavaScript", 0, 0, 0, 8, 0, 0, 0, 0, 0, 4, 0, 12
"c:\xampp\htdocs\shopbanhanglaravel\public\backend\ckeditor\plugins\preview\preview.html", "HTML", 0, 0, 0, 0, 0, 10, 0, 0, 0, 0, 4, 14
"c:\xampp\htdocs\shopbanhanglaravel\public\backend\ckeditor\plugins\preview\styles\screen.css", "CSS", 10, 0, 0, 0, 0, 0, 0, 0, 0, 0, 1, 11
"c:\xampp\htdocs\shopbanhanglaravel\public\backend\ckeditor\plugins\scayt\CHANGELOG.md", "Markdown", 0, 0, 3, 0, 0, 0, 0, 0, 0, 0, 2, 5
"c:\xampp\htdocs\shopbanhanglaravel\public\backend\ckeditor\plugins\scayt\LICENSE.md", "Markdown", 0, 0, 18, 0, 0, 0, 0, 0, 0, 0, 11, 29
"c:\xampp\htdocs\shopbanhanglaravel\public\backend\ckeditor\plugins\scayt\README.md", "Markdown", 0, 0, 52, 0, 0, 0, 0, 0, 0, 0, 30, 82
"c:\xampp\htdocs\shopbanhanglaravel\public\backend\ckeditor\plugins\scayt\dialogs\dialog.css", "CSS", 20, 0, 0, 0, 0, 0, 0, 0, 0, 0, 4, 24
"c:\xampp\htdocs\shopbanhanglaravel\public\backend\ckeditor\plugins\scayt\dialogs\options.js", "JavaScript", 0, 0, 0, 32, 0, 0, 0, 0, 0, 0, 0, 32
"c:\xampp\htdocs\shopbanhanglaravel\public\backend\ckeditor\plugins\scayt\dialogs\toolbar.css", "CSS", 70, 0, 0, 0, 0, 0, 0, 0, 0, 0, 2, 72
"c:\xampp\htdocs\shopbanhanglaravel\public\backend\ckeditor\plugins\scayt\skins\moono-lisa\scayt.css", "CSS", 21, 0, 0, 0, 0, 0, 0, 0, 0, 0, 5, 26
"c:\xampp\htdocs\shopbanhanglaravel\public\backend\ckeditor\plugins\smiley\dialogs\smiley.js", "JavaScript", 0, 0, 0, 7, 0, 0, 0, 0, 0, 4, 0, 11
"c:\xampp\htdocs\shopbanhanglaravel\public\backend\ckeditor\plugins\specialchar\dialogs\lang\af.js", "JavaScript", 0, 0, 0, 9, 0, 0, 0, 0, 0, 4, 0, 13
"c:\xampp\htdocs\shopbanhanglaravel\public\backend\ckeditor\plugins\specialchar\dialogs\lang\ar.js", "JavaScript", 0, 0, 0, 9, 0, 0, 0, 0, 0, 4, 0, 13
"c:\xampp\htdocs\shopbanhanglaravel\public\backend\ckeditor\plugins\specialchar\dialogs\lang\az.js", "JavaScript", 0, 0, 0, 6, 0, 0, 0, 0, 0, 4, 0, 10
"c:\xampp\htdocs\shopbanhanglaravel\public\backend\ckeditor\plugins\specialchar\dialogs\lang\bg.js", "JavaScript", 0, 0, 0, 9, 0, 0, 0, 0, 0, 4, 0, 13
"c:\xampp\htdocs\shopbanhanglaravel\public\backend\ckeditor\plugins\specialchar\dialogs\lang\ca.js", "JavaScript", 0, 0, 0, 10, 0, 0, 0, 0, 0, 4, 0, 14
"c:\xampp\htdocs\shopbanhanglaravel\public\backend\ckeditor\plugins\specialchar\dialogs\lang\cs.js", "JavaScript", 0, 0, 0, 9, 0, 0, 0, 0, 0, 4, 0, 13
"c:\xampp\htdocs\shopbanhanglaravel\public\backend\ckeditor\plugins\specialchar\dialogs\lang\cy.js", "JavaScript", 0, 0, 0, 10, 0, 0, 0, 0, 0, 4, 0, 14
"c:\xampp\htdocs\shopbanhanglaravel\public\backend\ckeditor\plugins\specialchar\dialogs\lang\da.js", "JavaScript", 0, 0, 0, 7, 0, 0, 0, 0, 0, 4, 0, 11
"c:\xampp\htdocs\shopbanhanglaravel\public\backend\ckeditor\plugins\specialchar\dialogs\lang\de-ch.js", "JavaScript", 0, 0, 0, 9, 0, 0, 0, 0, 0, 4, 0, 13
"c:\xampp\htdocs\shopbanhanglaravel\public\backend\ckeditor\plugins\specialchar\dialogs\lang\de.js", "JavaScript", 0, 0, 0, 9, 0, 0, 0, 0, 0, 4, 0, 13
"c:\xampp\htdocs\shopbanhanglaravel\public\backend\ckeditor\plugins\specialchar\dialogs\lang\el.js", "JavaScript", 0, 0, 0, 9, 0, 0, 0, 0, 0, 4, 0, 13
"c:\xampp\htdocs\shopbanhanglaravel\public\backend\ckeditor\plugins\specialchar\dialogs\lang\en-au.js", "JavaScript", 0, 0, 0, 9, 0, 0, 0, 0, 0, 4, 0, 13
"c:\xampp\htdocs\shopbanhanglaravel\public\backend\ckeditor\plugins\specialchar\dialogs\lang\en-ca.js", "JavaScript", 0, 0, 0, 9, 0, 0, 0, 0, 0, 4, 0, 13
"c:\xampp\htdocs\shopbanhanglaravel\public\backend\ckeditor\plugins\specialchar\dialogs\lang\en-gb.js", "JavaScript", 0, 0, 0, 9, 0, 0, 0, 0, 0, 4, 0, 13
"c:\xampp\htdocs\shopbanhanglaravel\public\backend\ckeditor\plugins\specialchar\dialogs\lang\en.js", "JavaScript", 0, 0, 0, 9, 0, 0, 0, 0, 0, 4, 0, 13
"c:\xampp\htdocs\shopbanhanglaravel\public\backend\ckeditor\plugins\specialchar\dialogs\lang\eo.js", "JavaScript", 0, 0, 0, 8, 0, 0, 0, 0, 0, 4, 0, 12
"c:\xampp\htdocs\shopbanhanglaravel\public\backend\ckeditor\plugins\specialchar\dialogs\lang\es-mx.js", "JavaScript", 0, 0, 0, 9, 0, 0, 0, 0, 0, 4, 0, 13
"c:\xampp\htdocs\shopbanhanglaravel\public\backend\ckeditor\plugins\specialchar\dialogs\lang\es.js", "JavaScript", 0, 0, 0, 9, 0, 0, 0, 0, 0, 4, 0, 13
"c:\xampp\htdocs\shopbanhanglaravel\public\backend\ckeditor\plugins\specialchar\dialogs\lang\et.js", "JavaScript", 0, 0, 0, 7, 0, 0, 0, 0, 0, 4, 0, 11
"c:\xampp\htdocs\shopbanhanglaravel\public\backend\ckeditor\plugins\specialchar\dialogs\lang\eu.js", "JavaScript", 0, 0, 0, 9, 0, 0, 0, 0, 0, 4, 0, 13
"c:\xampp\htdocs\shopbanhanglaravel\public\backend\ckeditor\plugins\specialchar\dialogs\lang\fa.js", "JavaScript", 0, 0, 0, 8, 0, 0, 0, 0, 0, 4, 0, 12
"c:\xampp\htdocs\shopbanhanglaravel\public\backend\ckeditor\plugins\specialchar\dialogs\lang\fi.js", "JavaScript", 0, 0, 0, 9, 0, 0, 0, 0, 0, 4, 0, 13
"c:\xampp\htdocs\shopbanhanglaravel\public\backend\ckeditor\plugins\specialchar\dialogs\lang\fr-ca.js", "JavaScript", 0, 0, 0, 6, 0, 0, 0, 0, 0, 4, 0, 10
"c:\xampp\htdocs\shopbanhanglaravel\public\backend\ckeditor\plugins\specialchar\dialogs\lang\fr.js", "JavaScript", 0, 0, 0, 8, 0, 0, 0, 0, 0, 4, 0, 12
"c:\xampp\htdocs\shopbanhanglaravel\public\backend\ckeditor\plugins\specialchar\dialogs\lang\gl.js", "JavaScript", 0, 0, 0, 9, 0, 0, 0, 0, 0, 4, 0, 13
"c:\xampp\htdocs\shopbanhanglaravel\public\backend\ckeditor\plugins\specialchar\dialogs\lang\he.js", "JavaScript", 0, 0, 0, 8, 0, 0, 0, 0, 0, 4, 0, 12
"c:\xampp\htdocs\shopbanhanglaravel\public\backend\ckeditor\plugins\specialchar\dialogs\lang\hr.js", "JavaScript", 0, 0, 0, 9, 0, 0, 0, 0, 0, 4, 0, 13
"c:\xampp\htdocs\shopbanhanglaravel\public\backend\ckeditor\plugins\specialchar\dialogs\lang\hu.js", "JavaScript", 0, 0, 0, 8, 0, 0, 0, 0, 0, 4, 0, 12
"c:\xampp\htdocs\shopbanhanglaravel\public\backend\ckeditor\plugins\specialchar\dialogs\lang\id.js", "JavaScript", 0, 0, 0, 9, 0, 0, 0, 0, 0, 4, 0, 13
"c:\xampp\htdocs\shopbanhanglaravel\public\backend\ckeditor\plugins\specialchar\dialogs\lang\it.js", "JavaScript", 0, 0, 0, 10, 0, 0, 0, 0, 0, 4, 0, 14
"c:\xampp\htdocs\shopbanhanglaravel\public\backend\ckeditor\plugins\specialchar\dialogs\lang\ja.js", "JavaScript", 0, 0, 0, 5, 0, 0, 0, 0, 0, 4, 0, 9
"c:\xampp\htdocs\shopbanhanglaravel\public\backend\ckeditor\plugins\specialchar\dialogs\lang\km.js", "JavaScript", 0, 0, 0, 9, 0, 0, 0, 0, 0, 4, 0, 13
"c:\xampp\htdocs\shopbanhanglaravel\public\backend\ckeditor\plugins\specialchar\dialogs\lang\ko.js", "JavaScript", 0, 0, 0, 6, 0, 0, 0, 0, 0, 4, 0, 10
"c:\xampp\htdocs\shopbanhanglaravel\public\backend\ckeditor\plugins\specialchar\dialogs\lang\ku.js", "JavaScript", 0, 0, 0, 9, 0, 0, 0, 0, 0, 4, 0, 13
"c:\xampp\htdocs\shopbanhanglaravel\public\backend\ckeditor\plugins\specialchar\dialogs\lang\lt.js", "JavaScript", 0, 0, 0, 9, 0, 0, 0, 0, 0, 4, 0, 13
"c:\xampp\htdocs\shopbanhanglaravel\public\backend\ckeditor\plugins\specialchar\dialogs\lang\lv.js", "JavaScript", 0, 0, 0, 9, 0, 0, 0, 0, 0, 4, 0, 13
"c:\xampp\htdocs\shopbanhanglaravel\public\backend\ckeditor\plugins\specialchar\dialogs\lang\nb.js", "JavaScript", 0, 0, 0, 7, 0, 0, 0, 0, 0, 4, 0, 11
"c:\xampp\htdocs\shopbanhanglaravel\public\backend\ckeditor\plugins\specialchar\dialogs\lang\nl.js", "JavaScript", 0, 0, 0, 9, 0, 0, 0, 0, 0, 4, 0, 13
"c:\xampp\htdocs\shopbanhanglaravel\public\backend\ckeditor\plugins\specialchar\dialogs\lang\no.js", "JavaScript", 0, 0, 0, 7, 0, 0, 0, 0, 0, 4, 0, 11
"c:\xampp\htdocs\shopbanhanglaravel\public\backend\ckeditor\plugins\specialchar\dialogs\lang\oc.js", "JavaScript", 0, 0, 0, 8, 0, 0, 0, 0, 0, 4, 0, 12
"c:\xampp\htdocs\shopbanhanglaravel\public\backend\ckeditor\plugins\specialchar\dialogs\lang\pl.js", "JavaScript", 0, 0, 0, 8, 0, 0, 0, 0, 0, 4, 0, 12
"c:\xampp\htdocs\shopbanhanglaravel\public\backend\ckeditor\plugins\specialchar\dialogs\lang\pt-br.js", "JavaScript", 0, 0, 0, 7, 0, 0, 0, 0, 0, 4, 0, 11
"c:\xampp\htdocs\shopbanhanglaravel\public\backend\ckeditor\plugins\specialchar\dialogs\lang\pt.js", "JavaScript", 0, 0, 0, 9, 0, 0, 0, 0, 0, 4, 0, 13
"c:\xampp\htdocs\shopbanhanglaravel\public\backend\ckeditor\plugins\specialchar\dialogs\lang\ro.js", "JavaScript", 0, 0, 0, 9, 0, 0, 0, 0, 0, 4, 0, 13
"c:\xampp\htdocs\shopbanhanglaravel\public\backend\ckeditor\plugins\specialchar\dialogs\lang\ru.js", "JavaScript", 0, 0, 0, 9, 0, 0, 0, 0, 0, 4, 0, 13
"c:\xampp\htdocs\shopbanhanglaravel\public\backend\ckeditor\plugins\specialchar\dialogs\lang\si.js", "JavaScript", 0, 0, 0, 9, 0, 0, 0, 0, 0, 4, 0, 13
"c:\xampp\htdocs\shopbanhanglaravel\public\backend\ckeditor\plugins\specialchar\dialogs\lang\sk.js", "JavaScript", 0, 0, 0, 9, 0, 0, 0, 0, 0, 4, 0, 13
"c:\xampp\htdocs\shopbanhanglaravel\public\backend\ckeditor\plugins\specialchar\dialogs\lang\sl.js", "JavaScript", 0, 0, 0, 8, 0, 0, 0, 0, 0, 4, 0, 12
"c:\xampp\htdocs\shopbanhanglaravel\public\backend\ckeditor\plugins\specialchar\dialogs\lang\sq.js", "JavaScript", 0, 0, 0, 9, 0, 0, 0, 0, 0, 4, 0, 13
"c:\xampp\htdocs\shopbanhanglaravel\public\backend\ckeditor\plugins\specialchar\dialogs\lang\sr-latn.js", "JavaScript", 0, 0, 0, 9, 0, 0, 0, 0, 0, 4, 0, 13
"c:\xampp\htdocs\shopbanhanglaravel\public\backend\ckeditor\plugins\specialchar\dialogs\lang\sr.js", "JavaScript", 0, 0, 0, 9, 0, 0, 0, 0, 0, 4, 0, 13
"c:\xampp\htdocs\shopbanhanglaravel\public\backend\ckeditor\plugins\specialchar\dialogs\lang\sv.js", "JavaScript", 0, 0, 0, 7, 0, 0, 0, 0, 0, 4, 0, 11
"c:\xampp\htdocs\shopbanhanglaravel\public\backend\ckeditor\plugins\specialchar\dialogs\lang\th.js", "JavaScript", 0, 0, 0, 9, 0, 0, 0, 0, 0, 4, 0, 13
"c:\xampp\htdocs\shopbanhanglaravel\public\backend\ckeditor\plugins\specialchar\dialogs\lang\tr.js", "JavaScript", 0, 0, 0, 8, 0, 0, 0, 0, 0, 4, 0, 12
"c:\xampp\htdocs\shopbanhanglaravel\public\backend\ckeditor\plugins\specialchar\dialogs\lang\tt.js", "JavaScript", 0, 0, 0, 9, 0, 0, 0, 0, 0, 4, 0, 13
"c:\xampp\htdocs\shopbanhanglaravel\public\backend\ckeditor\plugins\specialchar\dialogs\lang\ug.js", "JavaScript", 0, 0, 0, 9, 0, 0, 0, 0, 0, 4, 0, 13
"c:\xampp\htdocs\shopbanhanglaravel\public\backend\ckeditor\plugins\specialchar\dialogs\lang\uk.js", "JavaScript", 0, 0, 0, 8, 0, 0, 0, 0, 0, 4, 0, 12
"c:\xampp\htdocs\shopbanhanglaravel\public\backend\ckeditor\plugins\specialchar\dialogs\lang\vi.js", "JavaScript", 0, 0, 0, 10, 0, 0, 0, 0, 0, 4, 0, 14
"c:\xampp\htdocs\shopbanhanglaravel\public\backend\ckeditor\plugins\specialchar\dialogs\lang\zh-cn.js", "JavaScript", 0, 0, 0, 5, 0, 0, 0, 0, 0, 4, 0, 9
"c:\xampp\htdocs\shopbanhanglaravel\public\backend\ckeditor\plugins\specialchar\dialogs\lang\zh.js", "JavaScript", 0, 0, 0, 5, 0, 0, 0, 0, 0, 4, 0, 9
"c:\xampp\htdocs\shopbanhanglaravel\public\backend\ckeditor\plugins\specialchar\dialogs\specialchar.js", "JavaScript", 0, 0, 0, 10, 0, 0, 0, 0, 0, 4, 0, 14
"c:\xampp\htdocs\shopbanhanglaravel\public\backend\ckeditor\plugins\table\dialogs\table.js", "JavaScript", 0, 0, 0, 18, 0, 0, 0, 0, 0, 4, 0, 22
"c:\xampp\htdocs\shopbanhanglaravel\public\backend\ckeditor\plugins\tableselection\styles\tableselection.css", "CSS", 26, 0, 0, 0, 0, 0, 0, 0, 0, 8, 3, 37
"c:\xampp\htdocs\shopbanhanglaravel\public\backend\ckeditor\plugins\tabletools\dialogs\tableCell.js", "JavaScript", 0, 0, 0, 14, 0, 0, 0, 0, 0, 4, 0, 18
"c:\xampp\htdocs\shopbanhanglaravel\public\backend\ckeditor\plugins\templates\dialogs\templates.css", "CSS", 69, 0, 0, 0, 0, 0, 0, 0, 0, 6, 10, 85
"c:\xampp\htdocs\shopbanhanglaravel\public\backend\ckeditor\plugins\templates\dialogs\templates.js", "JavaScript", 0, 0, 0, 7, 0, 0, 0, 0, 0, 4, 0, 11
"c:\xampp\htdocs\shopbanhanglaravel\public\backend\ckeditor\plugins\templates\templatedefinition.js", "JavaScript", 0, 0, 0, 0, 0, 0, 0, 0, 0, 4, 1, 5
"c:\xampp\htdocs\shopbanhanglaravel\public\backend\ckeditor\plugins\templates\templates\default.js", "JavaScript", 0, 0, 0, 3, 0, 0, 0, 0, 0, 4, 0, 7
"c:\xampp\htdocs\shopbanhanglaravel\public\backend\ckeditor\samples\css\samples.css", "CSS", 1629, 0, 0, 0, 0, 0, 0, 0, 0, 7, 2, 1638
"c:\xampp\htdocs\shopbanhanglaravel\public\backend\ckeditor\samples\img\logo.svg", "XML", 0, 0, 0, 0, 12, 0, 0, 0, 0, 1, 1, 14
"c:\xampp\htdocs\shopbanhanglaravel\public\backend\ckeditor\samples\index.html", "HTML", 0, 0, 0, 0, 0, 115, 0, 0, 0, 4, 12, 131
"c:\xampp\htdocs\shopbanhanglaravel\public\backend\ckeditor\samples\js\sample.js", "JavaScript", 0, 0, 0, 29, 0, 0, 0, 0, 0, 13, 12, 54
"c:\xampp\htdocs\shopbanhanglaravel\public\backend\ckeditor\samples\js\sf.js", "JavaScript", 0, 0, 0, 13, 0, 0, 0, 0, 0, 4, 0, 17
"c:\xampp\htdocs\shopbanhanglaravel\public\backend\ckeditor\samples\old\ajax.html", "HTML", 0, 0, 0, 0, 0, 72, 0, 0, 0, 6, 8, 86
"c:\xampp\htdocs\shopbanhanglaravel\public\backend\ckeditor\samples\old\api.html", "HTML", 0, 0, 0, 0, 0, 180, 0, 0, 0, 5, 26, 211
"c:\xampp\htdocs\shopbanhanglaravel\public\backend\ckeditor\samples\old\appendto.html", "HTML", 0, 0, 0, 0, 0, 52, 0, 0, 0, 4, 4, 60
"c:\xampp\htdocs\shopbanhanglaravel\public\backend\ckeditor\samples\old\assets\outputxhtml\outputxhtml.css", "CSS", 137, 0, 0, 0, 0, 0, 0, 0, 0, 30, 38, 205
"c:\xampp\htdocs\shopbanhanglaravel\public\backend\ckeditor\samples\old\assets\posteddata.php", "PHP", 0, 54, 0, 0, 0, 0, 0, 0, 0, 4, 3, 61
"c:\xampp\htdocs\shopbanhanglaravel\public\backend\ckeditor\samples\old\assets\uilanguages\languages.js", "JavaScript", 0, 0, 0, 3, 0, 0, 0, 0, 0, 4, 0, 7
"c:\xampp\htdocs\shopbanhanglaravel\public\backend\ckeditor\samples\old\datafiltering.html", "HTML", 0, 0, 0, 0, 0, 471, 0, 0, 0, 4, 34, 509
"c:\xampp\htdocs\shopbanhanglaravel\public\backend\ckeditor\samples\old\dialog\assets\my_dialog.js", "JavaScript", 0, 0, 0, 42, 0, 0, 0, 0, 0, 4, 3, 49
"c:\xampp\htdocs\shopbanhanglaravel\public\backend\ckeditor\samples\old\dialog\dialog.html", "HTML", 0, 0, 0, 0, 0, 165, 0, 0, 0, 4, 22, 191
"c:\xampp\htdocs\shopbanhanglaravel\public\backend\ckeditor\samples\old\divreplace.html", "HTML", 0, 0, 0, 0, 0, 126, 0, 0, 0, 4, 15, 145
"c:\xampp\htdocs\shopbanhanglaravel\public\backend\ckeditor\samples\old\easyimage\easyimage.html", "HTML", 0, 0, 0, 0, 0, 93, 0, 0, 0, 4, 7, 104
"c:\xampp\htdocs\shopbanhanglaravel\public\backend\ckeditor\samples\old\enterkey\enterkey.html", "HTML", 0, 0, 0, 0, 0, 97, 0, 0, 0, 4, 6, 107
"c:\xampp\htdocs\shopbanhanglaravel\public\backend\ckeditor\samples\old\htmlwriter\outputhtml.html", "HTML", 0, 0, 0, 0, 0, 198, 0, 0, 0, 4, 23, 225
"c:\xampp\htdocs\shopbanhanglaravel\public\backend\ckeditor\samples\old\index.html", "HTML", 0, 0, 0, 0, 0, 99, 0, 0, 0, 4, 27, 130
"c:\xampp\htdocs\shopbanhanglaravel\public\backend\ckeditor\samples\old\inlineall.html", "HTML", 0, 0, 0, 0, 0, 281, 0, 0, 0, 4, 30, 315
"c:\xampp\htdocs\shopbanhanglaravel\public\backend\ckeditor\samples\old\inlinebycode.html", "HTML", 0, 0, 0, 0, 0, 102, 0, 0, 0, 4, 19, 125
"c:\xampp\htdocs\shopbanhanglaravel\public\backend\ckeditor\samples\old\inlinetextarea.html", "HTML", 0, 0, 0, 0, 0, 100, 0, 0, 0, 4, 10, 114
"c:\xampp\htdocs\shopbanhanglaravel\public\backend\ckeditor\samples\old\jquery.html", "HTML", 0, 0, 0, 0, 0, 84, 0, 0, 0, 4, 16, 104
"c:\xampp\htdocs\shopbanhanglaravel\public\backend\ckeditor\samples\old\magicline\magicline.html", "HTML", 0, 0, 0, 0, 0, 185, 0, 0, 0, 4, 21, 210
"c:\xampp\htdocs\shopbanhanglaravel\public\backend\ckeditor\samples\old\readonly.html", "HTML", 0, 0, 0, 0, 0, 66, 0, 0, 0, 4, 7, 77
"c:\xampp\htdocs\shopbanhanglaravel\public\backend\ckeditor\samples\old\replacebyclass.html", "HTML", 0, 0, 0, 0, 0, 56, 0, 0, 0, 4, 1, 61
"c:\xampp\htdocs\shopbanhanglaravel\public\backend\ckeditor\samples\old\replacebycode.html", "HTML", 0, 0, 0, 0, 0, 51, 0, 0, 0, 4, 5, 60
"c:\xampp\htdocs\shopbanhanglaravel\public\backend\ckeditor\samples\old\sample.css", "CSS", 287, 0, 0, 0, 0, 0, 0, 0, 0, 16, 55, 358
"c:\xampp\htdocs\shopbanhanglaravel\public\backend\ckeditor\samples\old\sample.js", "JavaScript", 0, 0, 0, 34, 0, 0, 0, 0, 0, 8, 9, 51
"c:\xampp\htdocs\shopbanhanglaravel\public\backend\ckeditor\samples\old\sample_posteddata.php", "PHP", 0, 2, 0, 0, 0, 0, 0, 0, 0, 14, 1, 17
"c:\xampp\htdocs\shopbanhanglaravel\public\backend\ckeditor\samples\old\tabindex.html", "HTML", 0, 0, 0, 0, 0, 68, 0, 0, 0, 4, 7, 79
"c:\xampp\htdocs\shopbanhanglaravel\public\backend\ckeditor\samples\old\toolbar\toolbar.html", "HTML", 0, 0, 0, 0, 0, 191, 0, 0, 0, 4, 41, 236
"c:\xampp\htdocs\shopbanhanglaravel\public\backend\ckeditor\samples\old\uicolor.html", "HTML", 0, 0, 0, 0, 0, 66, 0, 0, 0, 4, 3, 73
"c:\xampp\htdocs\shopbanhanglaravel\public\backend\ckeditor\samples\old\uilanguages.html", "HTML", 0, 0, 0, 0, 0, 107, 0, 0, 0, 4, 12, 123
"c:\xampp\htdocs\shopbanhanglaravel\public\backend\ckeditor\samples\old\wysiwygarea\fullpage.html", "HTML", 0, 0, 0, 0, 0, 74, 0, 0, 0, 4, 3, 81
"c:\xampp\htdocs\shopbanhanglaravel\public\backend\ckeditor\samples\old\xhtmlstyle.html", "HTML", 0, 0, 0, 0, 0, 211, 0, 0, 0, 4, 20, 235
"c:\xampp\htdocs\shopbanhanglaravel\public\backend\ckeditor\samples\toolbarconfigurator\css\fontello.css", "CSS", 28, 0, 0, 0, 0, 0, 0, 0, 0, 19, 9, 56
"c:\xampp\htdocs\shopbanhanglaravel\public\backend\ckeditor\samples\toolbarconfigurator\font\config.json", "JSON", 0, 0, 0, 0, 0, 0, 28, 0, 0, 0, 0, 28
"c:\xampp\htdocs\shopbanhanglaravel\public\backend\ckeditor\samples\toolbarconfigurator\font\fontello.svg", "XML", 0, 0, 0, 0, 14, 0, 0, 0, 0, 0, 0, 14
"c:\xampp\htdocs\shopbanhanglaravel\public\backend\ckeditor\samples\toolbarconfigurator\index.html", "HTML", 0, 0, 0, 0, 0, 361, 0, 0, 0, 6, 81, 448
"c:\xampp\htdocs\shopbanhanglaravel\public\backend\ckeditor\samples\toolbarconfigurator\js\abstracttoolbarmodifier.js", "JavaScript", 0, 0, 0, 13, 0, 0, 0, 0, 0, 0, 0, 13
"c:\xampp\htdocs\shopbanhanglaravel\public\backend\ckeditor\samples\toolbarconfigurator\js\fulltoolbareditor.js", "JavaScript", 0, 0, 0, 9, 0, 0, 0, 0, 0, 0, 0, 9
"c:\xampp\htdocs\shopbanhanglaravel\public\backend\ckeditor\samples\toolbarconfigurator\js\toolbarmodifier.js", "JavaScript", 0, 0, 0, 33, 0, 0, 0, 0, 0, 0, 0, 33
"c:\xampp\htdocs\shopbanhanglaravel\public\backend\ckeditor\samples\toolbarconfigurator\js\toolbartextmodifier.js", "JavaScript", 0, 0, 0, 14, 0, 0, 0, 0, 0, 0, 0, 14
"c:\xampp\htdocs\shopbanhanglaravel\public\backend\ckeditor\samples\toolbarconfigurator\lib\codemirror\codemirror.css", "CSS", 258, 0, 0, 0, 0, 0, 0, 0, 0, 25, 43, 326
"c:\xampp\htdocs\shopbanhanglaravel\public\backend\ckeditor\samples\toolbarconfigurator\lib\codemirror\codemirror.js", "JavaScript", 0, 0, 0, 288, 0, 0, 0, 0, 0, 0, 0, 288
"c:\xampp\htdocs\shopbanhanglaravel\public\backend\ckeditor\samples\toolbarconfigurator\lib\codemirror\javascript.js", "JavaScript", 0, 0, 0, 25, 0, 0, 0, 0, 0, 0, 0, 25
"c:\xampp\htdocs\shopbanhanglaravel\public\backend\ckeditor\samples\toolbarconfigurator\lib\codemirror\neo.css", "CSS", 25, 0, 0, 0, 0, 0, 0, 0, 0, 3, 9, 37
"c:\xampp\htdocs\shopbanhanglaravel\public\backend\ckeditor\samples\toolbarconfigurator\lib\codemirror\show-hint.css", "CSS", 32, 0, 0, 0, 0, 0, 0, 0, 0, 0, 7, 39
"c:\xampp\htdocs\shopbanhanglaravel\public\backend\ckeditor\samples\toolbarconfigurator\lib\codemirror\show-hint.js", "JavaScript", 0, 0, 0, 16, 0, 0, 0, 0, 0, 0, 0, 16
"c:\xampp\htdocs\shopbanhanglaravel\public\backend\ckeditor\skins\moono-lisa\dialog.css", "CSS", 1, 0, 0, 0, 0, 0, 0, 0, 0, 4, 0, 5
"c:\xampp\htdocs\shopbanhanglaravel\public\backend\ckeditor\skins\moono-lisa\dialog_ie.css", "CSS", 1, 0, 0, 0, 0, 0, 0, 0, 0, 4, 0, 5
"c:\xampp\htdocs\shopbanhanglaravel\public\backend\ckeditor\skins\moono-lisa\dialog_ie8.css", "CSS", 1, 0, 0, 0, 0, 0, 0, 0, 0, 4, 0, 5
"c:\xampp\htdocs\shopbanhanglaravel\public\backend\ckeditor\skins\moono-lisa\dialog_iequirks.css", "CSS", 1, 0, 0, 0, 0, 0, 0, 0, 0, 4, 0, 5
"c:\xampp\htdocs\shopbanhanglaravel\public\backend\ckeditor\skins\moono-lisa\editor.css", "CSS", 1, 0, 0, 0, 0, 0, 0, 0, 0, 4, 0, 5
"c:\xampp\htdocs\shopbanhanglaravel\public\backend\ckeditor\skins\moono-lisa\editor_gecko.css", "CSS", 1, 0, 0, 0, 0, 0, 0, 0, 0, 4, 0, 5
"c:\xampp\htdocs\shopbanhanglaravel\public\backend\ckeditor\skins\moono-lisa\editor_ie.css", "CSS", 1, 0, 0, 0, 0, 0, 0, 0, 0, 4, 0, 5
"c:\xampp\htdocs\shopbanhanglaravel\public\backend\ckeditor\skins\moono-lisa\editor_ie8.css", "CSS", 1, 0, 0, 0, 0, 0, 0, 0, 0, 4, 0, 5
"c:\xampp\htdocs\shopbanhanglaravel\public\backend\ckeditor\skins\moono-lisa\editor_iequirks.css", "CSS", 1, 0, 0, 0, 0, 0, 0, 0, 0, 4, 0, 5
"c:\xampp\htdocs\shopbanhanglaravel\public\backend\ckeditor\skins\moono-lisa\readme.md", "Markdown", 0, 0, 36, 0, 0, 0, 0, 0, 0, 0, 11, 47
"c:\xampp\htdocs\shopbanhanglaravel\public\backend\ckeditor\styles.js", "JavaScript", 0, 0, 0, 66, 0, 0, 0, 0, 0, 46, 26, 138
"c:\xampp\htdocs\shopbanhanglaravel\public\backend\ckeditor\vendor\promise.js", "JavaScript", 0, 0, 0, 13, 0, 0, 0, 0, 0, 0, 0, 13
"c:\xampp\htdocs\shopbanhanglaravel\public\backend\css\bootstrap-tagsinput.css", "CSS", 55, 0, 0, 0, 0, 0, 0, 0, 0, 0, 1, 56
"c:\xampp\htdocs\shopbanhanglaravel\public\backend\css\bootstrap.css", "CSS", 6742, 0, 0, 0, 0, 0, 0, 0, 0, 8, 8, 6758
"c:\xampp\htdocs\shopbanhanglaravel\public\backend\css\bootstrap.min.css", "CSS", 1, 0, 0, 0, 0, 0, 0, 0, 0, 4, 0, 5
"c:\xampp\htdocs\shopbanhanglaravel\public\backend\css\creditly.css", "CSS", 103, 0, 0, 0, 0, 0, 0, 0, 0, 0, 1, 104
"c:\xampp\htdocs\shopbanhanglaravel\public\backend\css\easy-responsive-tabs.css", "CSS", 267, 0, 0, 0, 0, 0, 0, 0, 0, 16, 26, 309
"c:\xampp\htdocs\shopbanhanglaravel\public\backend\css\flexslider.css", "CSS", 203, 0, 0, 0, 0, 0, 0, 0, 0, 26, 4, 233
"c:\xampp\htdocs\shopbanhanglaravel\public\backend\css\font-awesome.css", "CSS", 2189, 0, 0, 0, 0, 0, 0, 0, 0, 10, 1, 2200
"c:\xampp\htdocs\shopbanhanglaravel\public\backend\css\font.css", "CSS", 1, 0, 0, 0, 0, 0, 0, 0, 0, 0, 0, 1
"c:\xampp\htdocs\shopbanhanglaravel\public\backend\css\jquery-ui1.css", "CSS", 56, 0, 0, 0, 0, 0, 0, 0, 0, 6, 11, 73
"c:\xampp\htdocs\shopbanhanglaravel\public\backend\css\jqvmap.css", "CSS", 50, 0, 0, 0, 0, 0, 0, 0, 0, 0, 1, 51
"c:\xampp\htdocs\shopbanhanglaravel\public\backend\css\lightbox.css", "CSS", 183, 0, 0, 0, 0, 0, 0, 0, 0, 1, 26, 210
"c:\xampp\htdocs\shopbanhanglaravel\public\backend\css\minimal.css", "CSS", 54, 0, 0, 0, 0, 0, 0, 0, 0, 3, 3, 60
"c:\xampp\htdocs\shopbanhanglaravel\public\backend\css\monthly.css", "CSS", 389, 0, 0, 0, 0, 0, 0, 0, 0, 29, 29, 447
"c:\xampp\htdocs\shopbanhanglaravel\public\backend\css\morris.css", "CSS", 1, 0, 0, 0, 0, 0, 0, 0, 0, 0, 0, 1
"c:\xampp\htdocs\shopbanhanglaravel\public\backend\css\popuo-box.css", "CSS", 330, 0, 0, 0, 0, 0, 0, 0, 0, 14, 23, 367
"c:\xampp\htdocs\shopbanhanglaravel\public\backend\css\style-responsive.css", "CSS", 287, 0, 0, 0, 0, 0, 0, 0, 0, 6, 41, 334
"c:\xampp\htdocs\shopbanhanglaravel\public\backend\css\style.css", "CSS", 3110, 0, 0, 0, 0, 0, 0, 0, 0, 50, 10, 3170
"c:\xampp\htdocs\shopbanhanglaravel\public\backend\fonts\fontawesome-webfont.svg", "XML", 0, 0, 0, 0, 685, 0, 0, 0, 0, 0, 0, 685
"c:\xampp\htdocs\shopbanhanglaravel\public\backend\fonts\glyphicons-halflings-regular.svg", "XML", 0, 0, 0, 0, 288, 0, 0, 0, 0, 0, 0, 288
"c:\xampp\htdocs\shopbanhanglaravel\public\backend\js\SmoothScroll.min.js", "JavaScript", 0, 0, 0, 329, 0, 0, 0, 0, 0, 96, 98, 523
"c:\xampp\htdocs\shopbanhanglaravel\public\backend\js\bootstrap-tagsinput.min.js", "JavaScript", 0, 0, 0, 1, 0, 0, 0, 0, 0, 5, 1, 7
"c:\xampp\htdocs\shopbanhanglaravel\public\backend\js\bootstrap.js", "JavaScript", 0, 0, 0, 1549, 0, 0, 0, 0, 0, 191, 578, 2318
"c:\xampp\htdocs\shopbanhanglaravel\public\backend\js\creditly.js", "JavaScript", 0, 0, 0, 389, 0, 0, 0, 0, 0, 6, 62, 457
"c:\xampp\htdocs\shopbanhanglaravel\public\backend\js\easing.js", "JavaScript", 0, 0, 0, 127, 0, 0, 0, 0, 0, 11, 4, 142
"c:\xampp\htdocs\shopbanhanglaravel\public\backend\js\easyResponsiveTabs.js", "JavaScript", 0, 0, 0, 178, 0, 0, 0, 0, 0, 20, 27, 225
"c:\xampp\htdocs\shopbanhanglaravel\public\backend\js\imagezoom.js", "JavaScript", 0, 0, 0, 103, 0, 0, 0, 0, 0, 7, 13, 123
"c:\xampp\htdocs\shopbanhanglaravel\public\backend\js\jquery-2.1.4.min.js", "JavaScript", 0, 0, 0, 3, 0, 0, 0, 0, 0, 1, 1, 5
"c:\xampp\htdocs\shopbanhanglaravel\public\backend\js\jquery-ui.js", "JavaScript", 0, 0, 0, 11654, 0, 0, 0, 0, 0, 1168, 2091, 14913
"c:\xampp\htdocs\shopbanhanglaravel\public\backend\js\jquery.dcjqaccordion.2.7.js", "JavaScript", 0, 0, 0, 136, 0, 0, 0, 0, 0, 55, 34, 225
"c:\xampp\htdocs\shopbanhanglaravel\public\backend\js\jquery.fileupload.js", "JavaScript", 0, 0, 0, 888, 0, 0, 0, 0, 0, 241, 73, 1202
"c:\xampp\htdocs\shopbanhanglaravel\public\backend\js\jquery.flexisel.js", "JavaScript", 0, 0, 0, 186, 0, 0, 0, 0, 0, 37, 62, 285
"c:\xampp\htdocs\shopbanhanglaravel\public\backend\js\jquery.flexslider.js", "JavaScript", 0, 0, 0, 935, 0, 0, 0, 0, 0, 126, 131, 1192
"c:\xampp\htdocs\shopbanhanglaravel\public\backend\js\jquery.magnific-popup.js", "JavaScript", 0, 0, 0, 1385, 0, 0, 0, 0, 0, 243, 414, 2042
"c:\xampp\htdocs\shopbanhanglaravel\public\backend\js\jquery.min.js", "JavaScript", 0, 0, 0, 3, 0, 0, 0, 0, 0, 1, 1, 5
"c:\xampp\htdocs\shopbanhanglaravel\public\backend\js\jquery.nicescroll.js", "JavaScript", 0, 0, 0, 113, 0, 0, 0, 0, 0, 0, 1, 114
"c:\xampp\htdocs\shopbanhanglaravel\public\backend\js\jquery.scrollTo.js", "JavaScript", 0, 0, 0, 118, 0, 0, 0, 0, 0, 35, 31, 184
"c:\xampp\htdocs\shopbanhanglaravel\public\backend\js\jquery.slimscroll.js", "JavaScript", 0, 0, 0, 293, 0, 0, 0, 0, 0, 88, 84, 465
"c:\xampp\htdocs\shopbanhanglaravel\public\backend\js\jquery.vmap.asia.js", "JavaScript", 0, 0, 0, 1, 0, 0, 0, 0, 0, 1, 1, 3
"c:\xampp\htdocs\shopbanhanglaravel\public\backend\js\jquery.vmap.australia.js", "JavaScript", 0, 0, 0, 1, 0, 0, 0, 0, 0, 1, 1, 3
"c:\xampp\htdocs\shopbanhanglaravel\public\backend\js\jquery.vmap.europe.js", "JavaScript", 0, 0, 0, 1, 0, 0, 0, 0, 0, 1, 1, 3
"c:\xampp\htdocs\shopbanhanglaravel\public\backend\js\jquery.vmap.js", "JavaScript", 0, 0, 0, 897, 0, 0, 0, 0, 0, 24, 180, 1101
"c:\xampp\htdocs\shopbanhanglaravel\public\backend\js\jquery.vmap.sampledata.js", "JavaScript", 0, 0, 0, 1, 0, 0, 0, 0, 0, 0, 0, 1
"c:\xampp\htdocs\shopbanhanglaravel\public\backend\js\jquery.vmap.world.js", "JavaScript", 0, 0, 0, 1, 0, 0, 0, 0, 0, 1, 1, 3
"c:\xampp\htdocs\shopbanhanglaravel\public\backend\js\jquery2.0.3.min.js", "JavaScript", 0, 0, 0, 3, 0, 0, 0, 0, 0, 3, 1, 7
"c:\xampp\htdocs\shopbanhanglaravel\public\backend\js\lightbox-plus-jquery.min.js", "JavaScript", 0, 0, 0, 5, 0, 0, 0, 0, 0, 33, 0, 38
"c:\xampp\htdocs\shopbanhanglaravel\public\backend\js\minicart.js", "JavaScript", 0, 0, 0, 1871, 0, 0, 0, 0, 0, 554, 595, 3020
"c:\xampp\htdocs\shopbanhanglaravel\public\backend\js\monthly.js", "JavaScript", 0, 0, 0, 291, 0, 0, 0, 0, 0, 51, 45, 387
"c:\xampp\htdocs\shopbanhanglaravel\public\backend\js\morris.js", "JavaScript", 0, 0, 0, 135, 0, 0, 0, 0, 0, 22, 3, 160
"c:\xampp\htdocs\shopbanhanglaravel\public\backend\js\move-top.js", "JavaScript", 0, 0, 0, 4, 0, 0, 0, 0, 0, 1, 0, 5
"c:\xampp\htdocs\shopbanhanglaravel\public\backend\js\raphael-min.js", "JavaScript", 0, 0, 0, 1, 0, 0, 0, 0, 0, 7, 0, 8
"c:\xampp\htdocs\shopbanhanglaravel\public\backend\js\script.js", "JavaScript", 0, 0, 0, 51, 0, 0, 0, 0, 0, 17, 27, 95
"c:\xampp\htdocs\shopbanhanglaravel\public\backend\js\scripts.js", "JavaScript", 0, 0, 0, 211, 0, 0, 0, 0, 0, 10, 69, 290
"c:\xampp\htdocs\shopbanhanglaravel\public\frontend\css\animate.css", "CSS", 2795, 0, 0, 0, 0, 0, 0, 0, 0, 19, 450, 3264
"c:\xampp\htdocs\shopbanhanglaravel\public\frontend\css\bootstrap.min.css", "CSS", 1, 0, 0, 0, 0, 0, 0, 0, 0, 5, 1, 7
"c:\xampp\htdocs\shopbanhanglaravel\public\frontend\css\font-awesome.min.css", "CSS", 1, 0, 0, 0, 0, 0, 0, 0, 0, 3, 0, 4
"c:\xampp\htdocs\shopbanhanglaravel\public\frontend\css\lightgallery.min.css", "CSS", 818, 0, 0, 0, 0, 0, 0, 0, 0, 0, 149, 967
"c:\xampp\htdocs\shopbanhanglaravel\public\frontend\css\lightslider.css", "CSS", 350, 0, 0, 0, 0, 0, 0, 0, 0, 16, 26, 392
"c:\xampp\htdocs\shopbanhanglaravel\public\frontend\css\main.css", "CSS", 1997, 0, 0, 0, 0, 0, 0, 0, 0, 40, 487, 2524
"c:\xampp\htdocs\shopbanhanglaravel\public\frontend\css\prettify.css", "CSS", 26, 0, 0, 0, 0, 0, 0, 0, 0, 1, 3, 30
"c:\xampp\htdocs\shopbanhanglaravel\public\frontend\css\prettyPhoto.css", "CSS", 170, 0, 0, 0, 0, 0, 0, 0, 0, 0, 0, 170
"c:\xampp\htdocs\shopbanhanglaravel\public\frontend\css\price-range.css", "CSS", 110, 0, 0, 0, 0, 0, 0, 0, 0, 8, 5, 123
"c:\xampp\htdocs\shopbanhanglaravel\public\frontend\css\responsive.css", "CSS", 401, 0, 0, 0, 0, 0, 0, 0, 0, 5, 121, 527
"c:\xampp\htdocs\shopbanhanglaravel\public\frontend\css\sweetalert.css", "CSS", 678, 0, 0, 0, 0, 0, 0, 0, 0, 8, 0, 686
"c:\xampp\htdocs\shopbanhanglaravel\public\frontend\fonts\fontawesome-webfont.svg", "XML", 0, 0, 0, 0, 414, 0, 0, 0, 0, 0, 0, 414
"c:\xampp\htdocs\shopbanhanglaravel\public\frontend\fonts\glyphicons-halflings-regular.svg", "XML", 0, 0, 0, 0, 229, 0, 0, 0, 0, 0, 0, 229
"c:\xampp\htdocs\shopbanhanglaravel\public\frontend\js\bootstrap.min.js", "JavaScript", 0, 0, 0, 1, 0, 0, 0, 0, 0, 5, 1, 7
"c:\xampp\htdocs\shopbanhanglaravel\public\frontend\js\contact.js", "JavaScript", 0, 0, 0, 78, 0, 0, 0, 0, 0, 2, 11, 91
"c:\xampp\htdocs\shopbanhanglaravel\public\frontend\js\gmaps.js", "JavaScript", 0, 0, 0, 1628, 0, 0, 0, 0, 0, 37, 401, 2066
"c:\xampp\htdocs\shopbanhanglaravel\public\frontend\js\html5shiv.js", "JavaScript", 0, 0, 0, 5, 0, 0, 0, 0, 0, 3, 1, 9
"c:\xampp\htdocs\shopbanhanglaravel\public\frontend\js\jquery.js", "JavaScript", 0, 0, 0, 3, 0, 0, 0, 0, 0, 3, 0, 6
"c:\xampp\htdocs\shopbanhanglaravel\public\frontend\js\jquery.prettyPhoto.js", "JavaScript", 0, 0, 0, 1, 0, 0, 0, 0, 0, 6, 0, 7
"c:\xampp\htdocs\shopbanhanglaravel\public\frontend\js\jquery.scrollUp.min.js", "JavaScript", 0, 0, 0, 1, 0, 0, 0, 0, 0, 13, 0, 14
"c:\xampp\htdocs\shopbanhanglaravel\public\frontend\js\lightgallery-all.min.js", "JavaScript", 0, 0, 0, 2, 0, 0, 0, 0, 0, 3, 0, 5
"c:\xampp\htdocs\shopbanhanglaravel\public\frontend\js\lightslider.js", "JavaScript", 0, 0, 0, 1102, 0, 0, 0, 0, 0, 11, 27, 1140
"c:\xampp\htdocs\shopbanhanglaravel\public\frontend\js\main.js", "JavaScript", 0, 0, 0, 23, 0, 0, 0, 0, 0, 3, 5, 31
"c:\xampp\htdocs\shopbanhanglaravel\public\frontend\js\prettify.js", "JavaScript", 0, 0, 0, 28, 0, 0, 0, 0, 0, 0, 0, 28
"c:\xampp\htdocs\shopbanhanglaravel\public\frontend\js\price-range.js", "JavaScript", 0, 0, 0, 319, 0, 0, 0, 0, 0, 25, 44, 388
"c:\xampp\htdocs\shopbanhanglaravel\public\frontend\js\sweetalert.min.js", "JavaScript", 0, 0, 0, 762, 0, 0, 0, 0, 0, 201, 233, 1196
"c:\xampp\htdocs\shopbanhanglaravel\resources\css\app.css", "CSS", 0, 0, 0, 0, 0, 0, 0, 0, 0, 0, 1, 1
"c:\xampp\htdocs\shopbanhanglaravel\resources\js\app.js", "JavaScript", 0, 0, 0, 1, 0, 0, 0, 0, 0, 0, 1, 2
"c:\xampp\htdocs\shopbanhanglaravel\resources\js\bootstrap.js", "JavaScript", 0, 0, 0, 5, 0, 0, 0, 0, 0, 19, 8, 32
"c:\xampp\htdocs\shopbanhanglaravel\resources\views\admin\add_brand_product.blade.php", "PHP", 0, 45, 0, 0, 0, 0, 0, 0, 0, 0, 4, 49
"c:\xampp\htdocs\shopbanhanglaravel\resources\views\admin\add_category_product.blade.php", "PHP", 0, 58, 0, 0, 0, 0, 0, 0, 0, 0, 4, 62
"c:\xampp\htdocs\shopbanhanglaravel\resources\views\admin\add_product.blade.php", "PHP", 0, 81, 0, 0, 0, 0, 0, 0, 0, 0, 4, 85
"c:\xampp\htdocs\shopbanhanglaravel\resources\views\admin\all_brand_product.blade.php", "PHP", 0, 78, 0, 0, 0, 0, 0, 0, 0, 0, 0, 78
"c:\xampp\htdocs\shopbanhanglaravel\resources\views\admin\all_category_product.blade.php", "PHP", 0, 110, 0, 0, 0, 0, 0, 0, 0, 0, 3, 113
"c:\xampp\htdocs\shopbanhanglaravel\resources\views\admin\all_product.blade.php", "PHP", 0, 89, 0, 0, 0, 0, 0, 0, 0, 0, 0, 89
"c:\xampp\htdocs\shopbanhanglaravel\resources\views\admin\category_post\add_category_post.blade.php", "PHP", 0, 45, 0, 0, 0, 0, 0, 0, 0, 0, 4, 49
"c:\xampp\htdocs\shopbanhanglaravel\resources\views\admin\category_post\edit_category_post.blade.php", "PHP", 0, 51, 0, 0, 0, 0, 0, 0, 0, 0, 4, 55
"c:\xampp\htdocs\shopbanhanglaravel\resources\views\admin\category_post\list_category_post.blade.php", "PHP", 0, 81, 0, 0, 0, 0, 0, 0, 0, 0, 3, 84
"c:\xampp\htdocs\shopbanhanglaravel\resources\views\admin\comment\list_comment.blade.php", "PHP", 0, 86, 0, 0, 0, 0, 0, 0, 0, 0, 3, 89
"c:\xampp\htdocs\shopbanhanglaravel\resources\views\admin\coupon\insert_coupon.blade.php", "PHP", 0, 57, 0, 0, 0, 0, 0, 0, 0, 0, 4, 61
"c:\xampp\htdocs\shopbanhanglaravel\resources\views\admin\coupon\list_coupon.blade.php", "PHP", 0, 77, 0, 0, 0, 0, 0, 0, 0, 0, 8, 85
"c:\xampp\htdocs\shopbanhanglaravel\resources\views\admin\custom_auth\login.blade.php", "PHP", 0, 68, 0, 0, 0, 0, 0, 0, 0, 0, 6, 74
"c:\xampp\htdocs\shopbanhanglaravel\resources\views\admin\custom_auth\register.blade.php", "PHP", 0, 67, 0, 0, 0, 0, 0, 0, 0, 0, 4, 71
"c:\xampp\htdocs\shopbanhanglaravel\resources\views\admin\dashboard.blade.php", "PHP", 0, 4, 0, 0, 0, 0, 0, 0, 0, 0, 1, 5
"c:\xampp\htdocs\shopbanhanglaravel\resources\views\admin\delivery\add_delivery.blade.php", "PHP", 0, 53, 0, 0, 0, 0, 0, 0, 0, 0, 3, 56
"c:\xampp\htdocs\shopbanhanglaravel\resources\views\admin\edit_brand_product.blade.php", "PHP", 0, 50, 0, 0, 0, 0, 0, 0, 0, 0, 6, 56
"c:\xampp\htdocs\shopbanhanglaravel\resources\views\admin\edit_category_product.blade.php", "PHP", 0, 60, 0, 0, 0, 0, 0, 0, 0, 0, 2, 62
"c:\xampp\htdocs\shopbanhanglaravel\resources\views\admin\edit_product.blade.php", "PHP", 0, 92, 0, 0, 0, 0, 0, 0, 0, 0, 4, 96
"c:\xampp\htdocs\shopbanhanglaravel\resources\views\admin\gallery\add_gallery.blade.php", "PHP", 0, 22, 0, 0, 0, 0, 0, 0, 0, 21, 1, 44
"c:\xampp\htdocs\shopbanhanglaravel\resources\views\admin\manage_order.blade.php", "PHP", 0, 62, 0, 0, 0, 0, 0, 0, 0, 0, 4, 66
"c:\xampp\htdocs\shopbanhanglaravel\resources\views\admin\post\add_post.blade.php", "PHP", 0, 69, 0, 0, 0, 0, 0, 0, 0, 0, 4, 73
"c:\xampp\htdocs\shopbanhanglaravel\resources\views\admin\post\edit_post.blade.php", "PHP", 0, 75, 0, 0, 0, 0, 0, 0, 0, 0, 4, 79
"c:\xampp\htdocs\shopbanhanglaravel\resources\views\admin\post\list_post.blade.php", "PHP", 0, 79, 0, 0, 0, 0, 0, 0, 0, 0, 0, 79
"c:\xampp\htdocs\shopbanhanglaravel\resources\views\admin\slider\add_slider.blade.php", "PHP", 0, 45, 0, 0, 0, 0, 0, 0, 0, 0, 4, 49
"c:\xampp\htdocs\shopbanhanglaravel\resources\views\admin\slider\list_slider.blade.php", "PHP", 0, 66, 0, 0, 0, 0, 0, 0, 0, 0, 1, 67
"c:\xampp\htdocs\shopbanhanglaravel\resources\views\admin\users\add_users.blade.php", "PHP", 0, 42, 0, 0, 0, 0, 0, 0, 0, 0, 4, 46
"c:\xampp\htdocs\shopbanhanglaravel\resources\views\admin\users\all_users.blade.php", "PHP", 0, 91, 0, 0, 0, 0, 0, 0, 0, 0, 11, 102
"c:\xampp\htdocs\shopbanhanglaravel\resources\views\admin\view_order.blade.php", "PHP", 0, 203, 0, 0, 0, 0, 0, 0, 0, 0, 10, 213
"c:\xampp\htdocs\shopbanhanglaravel\resources\views\admin_layout.blade.php", "PHP", 0, 617, 0, 0, 0, 0, 0, 0, 0, 17, 71, 705
"c:\xampp\htdocs\shopbanhanglaravel\resources\views\admin_login.blade.php", "PHP", 0, 70, 0, 0, 0, 0, 0, 0, 0, 0, 4, 74
"c:\xampp\htdocs\shopbanhanglaravel\resources\views\index.blade.php", "PHP", 0, 752, 0, 0, 0, 0, 0, 0, 0, 9, 69, 830
"c:\xampp\htdocs\shopbanhanglaravel\resources\views\pages\brand\show_brand.blade.php", "PHP", 0, 44, 0, 0, 0, 0, 0, 0, 0, 0, 8, 52
"c:\xampp\htdocs\shopbanhanglaravel\resources\views\pages\cart\cart_ajax.blade.php", "PHP", 0, 163, 0, 0, 0, 0, 0, 0, 0, 0, 12, 175
"c:\xampp\htdocs\shopbanhanglaravel\resources\views\pages\cart\show_cart.blade.php", "PHP", 0, 96, 0, 0, 0, 0, 0, 0, 0, 3, 4, 103
"c:\xampp\htdocs\shopbanhanglaravel\resources\views\pages\category\show_category.blade.php", "PHP", 0, 63, 0, 0, 0, 0, 0, 0, 0, 0, 9, 72
"c:\xampp\htdocs\shopbanhanglaravel\resources\views\pages\checkout\forgot_password.blade.php", "PHP", 0, 19, 0, 0, 0, 0, 0, 0, 0, 0, 2, 21
"c:\xampp\htdocs\shopbanhanglaravel\resources\views\pages\checkout\handcash.blade.php", "PHP", 0, 11, 0, 0, 0, 0, 0, 0, 0, 0, 3, 14
"c:\xampp\htdocs\shopbanhanglaravel\resources\views\pages\checkout\login_checkout.blade.php", "PHP", 0, 43, 0, 0, 0, 0, 0, 0, 0, 0, 1, 44
"c:\xampp\htdocs\shopbanhanglaravel\resources\views\pages\checkout\payment.blade.php", "PHP", 0, 86, 0, 0, 0, 0, 0, 0, 0, 3, 2, 91
"c:\xampp\htdocs\shopbanhanglaravel\resources\views\pages\checkout\show_checkout.blade.php", "PHP", 0, 247, 0, 0, 0, 0, 0, 0, 0, 0, 21, 268
"c:\xampp\htdocs\shopbanhanglaravel\resources\views\pages\contact\contact.blade.php", "PHP", 0, 24, 0, 0, 0, 0, 0, 0, 0, 0, 5, 29
"c:\xampp\htdocs\shopbanhanglaravel\resources\views\pages\home.blade.php", "PHP", 0, 60, 0, 0, 0, 0, 0, 0, 0, 0, 4, 64
"c:\xampp\htdocs\shopbanhanglaravel\resources\views\pages\post\category_post.blade.php", "PHP", 0, 25, 0, 0, 0, 0, 0, 0, 0, 0, 7, 32
"c:\xampp\htdocs\shopbanhanglaravel\resources\views\pages\post\post.blade.php", "PHP", 0, 34, 0, 0, 0, 0, 0, 0, 0, 0, 7, 41
"c:\xampp\htdocs\shopbanhanglaravel\resources\views\pages\product\search.blade.php", "PHP", 0, 27, 0, 0, 0, 0, 0, 0, 0, 0, 2, 29
"c:\xampp\htdocs\shopbanhanglaravel\resources\views\pages\product\show_details.blade.php", "PHP", 0, 184, 0, 0, 0, 0, 0, 0, 0, 0, 15, 199
"c:\xampp\htdocs\shopbanhanglaravel\resources\views\pages\product\tag.blade.php", "PHP", 0, 41, 0, 0, 0, 0, 0, 0, 0, 0, 4, 45
"c:\xampp\htdocs\shopbanhanglaravel\resources\views\pages\send_coupon.blade.php", "PHP", 0, 16, 0, 0, 0, 0, 0, 0, 0, 0, 0, 16
"c:\xampp\htdocs\shopbanhanglaravel\resources\views\pages\send_mail.blade.php", "PHP", 0, 13, 0, 0, 0, 0, 0, 0, 0, 0, 0, 13
"c:\xampp\htdocs\shopbanhanglaravel\routes\api.php", "PHP", 0, 6, 0, 0, 0, 0, 0, 0, 0, 10, 4, 20
"c:\xampp\htdocs\shopbanhanglaravel\routes\channels.php", "PHP", 0, 5, 0, 0, 0, 0, 0, 0, 0, 10, 4, 19
"c:\xampp\htdocs\shopbanhanglaravel\routes\console.php", "PHP", 0, 6, 0, 0, 0, 0, 0, 0, 0, 10, 4, 20
"c:\xampp\htdocs\shopbanhanglaravel\routes\web.php", "PHP", 0, 154, 0, 0, 0, 0, 0, 0, 0, 25, 52, 231
"c:\xampp\htdocs\shopbanhanglaravel\tests\CreatesApplication.php", "PHP", 0, 12, 0, 0, 0, 0, 0, 0, 0, 5, 6, 23
"c:\xampp\htdocs\shopbanhanglaravel\tests\Feature\ExampleTest.php", "PHP", 0, 12, 0, 0, 0, 0, 0, 0, 0, 5, 5, 22
"c:\xampp\htdocs\shopbanhanglaravel\tests\TestCase.php", "PHP", 0, 7, 0, 0, 0, 0, 0, 0, 0, 0, 4, 11
"c:\xampp\htdocs\shopbanhanglaravel\tests\Unit\ExampleTest.php", "PHP", 0, 10, 0, 0, 0, 0, 0, 0, 0, 5, 4, 19
"c:\xampp\htdocs\shopbanhanglaravel\vendor\spatie\ignition\resources\compiled\ignition.css", "CSS", 1, 0, 0, 0, 0, 0, 0, 0, 0, 2, 0, 3
"c:\xampp\htdocs\shopbanhanglaravel\vendor\spatie\ignition\resources\compiled\ignition.js", "JavaScript", 0, 0, 0, 6, 0, 0, 0, 0, 0, 0, 1, 7
"c:\xampp\htdocs\shopbanhanglaravel\webpack.mix.js", "JavaScript", 0, 0, 0, 4, 0, 0, 0, 0, 0, 11, 3, 18
"Total", "-", 24971, 8938, 3443, 29558, 1709, 4077, 9241, 12, 11962, 6631, 10471, 111013